pattern,tag
Hi,gr_hi
Halo,gr_ha
Selamat Pagi,gr_pa
Selamat Siang,gr_si
Selamat Sore,gr_so
Selamat Malam,gr_ma
Ada program studi apa saja di UIN Sunan Gunung Djati Bandung?,prodi
Apa saja program studi yang ada di UIN Sunan Gunung Djati Bandung?,prodi
Program studi apa yang tersedia di UIN Sunan Gunung Djati Bandung?,prodi
"Di UIN Sunan Gunung Djati Bandung, ada program studi apa saja?",prodi
Program studi apa yang ditawarkan oleh UIN Sunan Gunung Djati Bandung?,prodi
"Di UIN Sunan Gunung Djati Bandung, program studi apa yang bisa dipilih?",prodi
Apa nama-nama program studi di UIN Sunan Gunung Djati Bandung?,prodi
UIN Sunan Gunung Djati Bandung menawarkan program studi apa saja?,prodi
Program studi apa yang bisa ditemukan di UIN Sunan Gunung Djati Bandung?,prodi
Apa saja jurusan yang ada di UIN Sunan Gunung Djati Bandung?,prodi
"Di UIN Sunan Gunung Djati Bandung, jurusan apa saja yang tersedia?",prodi
Program studi apa yang ada di UIN Sunan Gunung Djati Bandung saat ini?,prodi
"Di UIN Sunan Gunung Djati Bandung, apa saja program studi yang ditawarkan?",prodi
Program studi apa yang termasuk dalam daftar di UIN Sunan Gunung Djati Bandung?,prodi
UIN Sunan Gunung Djati Bandung memiliki program studi apa saja?,prodi
Program studi apa yang ada di UIN Sunan Gunung Djati Bandung untuk tahun ini?,prodi
Apa saja pilihan program studi di UIN Sunan Gunung Djati Bandung?,prodi
"Di UIN Sunan Gunung Djati Bandung, ada program studi yang bagaimana?",prodi
Program studi apa yang bisa dipilih oleh mahasiswa di UIN Sunan Gunung Djati Bandung?,prodi
UIN Sunan Gunung Djati Bandung menawarkan jurusan apa saja?,prodi
"Di UIN Sunan Gunung Djati Bandung, apa saja opsi program studi yang ada?",prodi
Program studi apa yang saat ini ditawarkan di UIN Sunan Gunung Djati Bandung?,prodi
Apa saja program studi yang bisa diambil di UIN Sunan Gunung Djati Bandung?,prodi
"Di UIN Sunan Gunung Djati Bandung, program studi apa yang tersedia untuk mahasiswa?",prodi
Program studi apa yang ada di UIN Sunan Gunung Djati Bandung pada tahun akademik ini?,prodi
"Di UIN Sunan Gunung Djati Bandung, apa saja jenis program studi yang ada?",prodi
Apa saja program studi yang ditawarkan di UIN Sunan Gunung Djati Bandung?,prodi
Program studi apa saja yang tersedia di UIN Sunan Gunung Djati Bandung?,prodi
Program studi apa yang ditawarkan oleh UIN Sunan Gunung Djati Bandung?,prodi
Program studi apa yang bisa ditemukan di UIN Sunan Gunung Djati Bandung?,prodi
Program studi apa yang bisa diambil di UIN Sunan Gunung Djati Bandung?,prodi
Program studi apa yang ada di UIN Sunan Gunung Djati Bandung saat ini?,prodi
Program studi apa yang tersedia di UIN Sunan Gunung Djati Bandung?,prodi
Program studi apa yang sudah ada di UIN Sunan Gunung Djati Bandung?,prodi
Program studi apa yang ada di UIN Sunan Gunung Djati Bandung pada tahun ini?,prodi
Program studi apa yang sudah ditawarkan di UIN Sunan Gunung Djati Bandung?,prodi
Program studi apa yang ditawarkan di UIN Sunan Gunung Djati Bandung untuk tahun ini?,prodi
Program studi apa saja yang tersedia di UIN Sunan Gunung Djati Bandung?,prodi
Program studi apa yang sudah dipilih di UIN Sunan Gunung Djati Bandung?,prodi
Program studi apa yang sedang ditawarkan di UIN Sunan Gunung Djati Bandung?,prodi
Program studi apa yang ada di UIN Sunan Gunung Djati Bandung untuk mahasiswa baru?,prodi
Program studi apa saja yang sedang ditawarkan di UIN Sunan Gunung Djati Bandung?,prodi
Program studi apa yang ada di UIN Sunan Gunung Djati Bandung pada semester ini?,prodi
Program studi apa yang bisa diambil oleh mahasiswa di UIN Sunan Gunung Djati Bandung?,prodi
Program studi apa yang sudah disediakan di UIN Sunan Gunung Djati Bandung?,prodi
Program studi apa yang tersedia untuk dipilih di UIN Sunan Gunung Djati Bandung?,prodi
Program studi apa yang ditawarkan kepada mahasiswa di UIN Sunan Gunung Djati Bandung?,prodi
Program studi apa yang sudah ada di UIN Sunan Gunung Djati Bandung pada tahun akademik ini?,prodi
Program studi apa yang saat ini ada di UIN Sunan Gunung Djati Bandung?,prodi
Program studi apa saja yang sedang disediakan di UIN Sunan Gunung Djati Bandung?,prodi
Program studi apa yang sudah ditawarkan di UIN Sunan Gunung Djati Bandung pada tahun ini?,prodi
Apa saja jalur masuk di UIN Sunan Gunung Djati Bandung untuk Program Sarjana (S1)?,jm_s1
Jalur masuk apa saja yang tersedia di UIN Sunan Gunung Djati Bandung untuk Program Sarjana (S1)?,jm_s1
Apa saja jalur masuk di UIN Sunan Gunung Djati Bandung untuk Program S1?,jm_s1
Bagaimana cara masuk Program Sarjana di UIN Sunan Gunung Djati Bandung?,jm_s1
Opsi apa saja yang ada untuk masuk ke Program S1 di UIN Sunan Gunung Djati Bandung?,jm_s1
Apa metode penerimaan yang ada di UIN Sunan Gunung Djati Bandung untuk Program Sarjana?,jm_s1
Program Sarjana di UIN Sunan Gunung Djati Bandung bisa dimasuki melalui jalur apa saja?,jm_s1
Apa pilihan jalur masuk untuk Program Sarjana di UIN Sunan Gunung Djati Bandung?,jm_s1
Program S1 di UIN Sunan Gunung Djati Bandung menerima mahasiswa melalui jalur apa saja?,jm_s1
UIN Sunan Gunung Djati Bandung menawarkan jalur masuk apa saja untuk Program Sarjana?,jm_s1
Apa saja cara untuk masuk ke Program S1 di UIN Sunan Gunung Djati Bandung?,jm_s1
"Untuk Program Sarjana di UIN Sunan Gunung Djati Bandung, ada jalur masuk apa saja?",jm_s1
Bagaimana proses penerimaan mahasiswa baru untuk Program S1 di UIN Sunan Gunung Djati Bandung?,jm_s1
Jalur apa saja yang bisa diambil untuk masuk ke Program Sarjana UIN Sunan Gunung Djati Bandung?,jm_s1
UIN Sunan Gunung Djati Bandung menyediakan jalur masuk apa saja untuk Program S1?,jm_s1
Program S1 di UIN Sunan Gunung Djati Bandung melalui jalur apa saja?,jm_s1
Bagaimana cara pendaftaran untuk Program Sarjana di UIN Sunan Gunung Djati Bandung?,jm_s1
UIN Sunan Gunung Djati Bandung memiliki jalur masuk apa saja untuk Program Sarjana?,jm_s1
Apa saja jalur penerimaan mahasiswa di UIN Sunan Gunung Djati Bandung untuk Program S1?,jm_s1
Program Sarjana di UIN Sunan Gunung Djati Bandung bisa dimasuki dengan cara apa saja?,jm_s1
UIN Sunan Gunung Djati Bandung menawarkan jalur apa saja untuk Program Sarjana?,jm_s1
Apa saja jalur masuk yang ada untuk Program S1 di UIN Sunan Gunung Djati Bandung?,jm_s1
Jalur apa saja yang dapat diikuti untuk masuk ke Program Sarjana di UIN Sunan Gunung Djati Bandung?,jm_s1
Bagaimana cara masuk ke Program S1 di UIN Sunan Gunung Djati Bandung?,jm_s1
Jalur masuk apa yang ditawarkan oleh UIN Sunan Gunung Djati Bandung untuk Program Sarjana?,jm_s1
Apa saja opsi masuk yang tersedia untuk Program Sarjana di UIN Sunan Gunung Djati Bandung?,jm_s1
Jalur masuk apa saja yang disediakan oleh UIN Sunan Gunung Djati Bandung untuk Program Sarjana (S1)?,jm_s1
Apa saja jalur yang disediakan untuk masuk ke Program S1 di UIN Sunan Gunung Djati Bandung?,jm_s1
Bagaimana Program Sarjana di UIN Sunan Gunung Djati Bandung bisa dimasuki?,jm_s1
Opsi masuk apa saja yang disediakan untuk Program S1 di UIN Sunan Gunung Djati Bandung?,jm_s1
Apa metode penerimaan yang digunakan untuk Program Sarjana di UIN Sunan Gunung Djati Bandung?,jm_s1
Jalur apa saja yang bisa digunakan untuk masuk ke Program S1 di UIN Sunan Gunung Djati Bandung?,jm_s1
Apa pilihan jalur masuk yang disediakan untuk Program Sarjana di UIN Sunan Gunung Djati Bandung?,jm_s1
Melalui jalur apa saja Program S1 di UIN Sunan Gunung Djati Bandung bisa dimasuki?,jm_s1
Jalur masuk apa saja yang ditawarkan oleh UIN Sunan Gunung Djati Bandung untuk Program Sarjana?,jm_s1
Bagaimana cara untuk masuk ke Program S1 di UIN Sunan Gunung Djati Bandung?,jm_s1
Apa saja jalur masuk yang tersedia untuk Program Sarjana di UIN Sunan Gunung Djati Bandung?,jm_s1
Bagaimana proses penerimaan mahasiswa baru untuk Program S1 di UIN Sunan Gunung Djati Bandung dilakukan?,jm_s1
Jalur apa saja yang dapat diambil untuk masuk ke Program Sarjana di UIN Sunan Gunung Djati Bandung?,jm_s1
Jalur masuk apa saja yang disediakan oleh UIN Sunan Gunung Djati Bandung untuk Program S1?,jm_s1
Melalui jalur apa saja Program S1 di UIN Sunan Gunung Djati Bandung bisa dimasuki?,jm_s1
Bagaimana cara pendaftaran untuk Program Sarjana di UIN Sunan Gunung Djati Bandung dilakukan?,jm_s1
Apa saja jalur masuk yang disediakan oleh UIN Sunan Gunung Djati Bandung untuk Program Sarjana?,jm_s1
Jalur penerimaan apa saja yang disediakan oleh UIN Sunan Gunung Djati Bandung untuk Program S1?,jm_s1
Bagaimana Program Sarjana di UIN Sunan Gunung Djati Bandung bisa dimasuki?,jm_s1
Jalur apa saja yang ditawarkan untuk Program Sarjana di UIN Sunan Gunung Djati Bandung?,jm_s1
Jalur masuk apa saja yang tersedia untuk Program S1 di UIN Sunan Gunung Djati Bandung?,jm_s1
Jalur apa saja yang dapat diikuti untuk masuk ke Program Sarjana di UIN Sunan Gunung Djati Bandung?,jm_s1
Bagaimana cara masuk ke Program S1 di UIN Sunan Gunung Djati Bandung dilakukan?,jm_s1
Jalur masuk apa yang ditawarkan oleh UIN Sunan Gunung Djati Bandung untuk Program Sarjana?,jm_s1
Opsi masuk apa saja yang tersedia untuk Program Sarjana di UIN Sunan Gunung Djati Bandung?,jm_s1
Apakah semua jurusan yang tersedia di UIN Sunan Gunung Djati Bandung dapat dipilih melalui jalur seleksi SNBP?,snbp_jur
Apakah jurusan di UIN Sunan Gunung Djati Bandung bisa dipilih lewat jalur SNBP?,snbp_jur
Apakah semua program studi di UIN Sunan Gunung Djati Bandung bisa dipilih melalui SNBP?,snbp_jur
Apakah jalur seleksi SNBP memungkinkan semua jurusan di UIN Sunan Gunung Djati Bandung dipilih?,snbp_jur
Apakah semua jurusan di UIN Sunan Gunung Djati Bandung dipilih melalui jalur SNBP?,snbp_jur
Apakah jalur SNBP memungkinkan dipilihnya semua jurusan di UIN Sunan Gunung Djati Bandung?,snbp_jur
Apakah jalur seleksi SNBP memungkinkan semua jurusan di UIN Sunan Gunung Djati Bandung dipilih?,snbp_jur
Apakah semua jurusan di UIN Sunan Gunung Djati Bandung bisa dipilih lewat SNBP?,snbp_jur
Apakah jalur SNBP memungkinkan semua jurusan di UIN Sunan Gunung Djati Bandung dipilih?,snbp_jur
Apakah pemilihan semua jurusan di UIN Sunan Gunung Djati Bandung dimungkinkan lewat jalur SNBP?,snbp_jur
Apakah semua jurusan di UIN Sunan Gunung Djati Bandung dapat dipilih lewat SNBP?,snbp_jur
Apakah semua jurusan di UIN Sunan Gunung Djati Bandung dipilih lewat jalur SNBP?,snbp_jur
Apakah semua jurusan di UIN Sunan Gunung Djati Bandung bisa dipilih melalui jalur SNBP?,snbp_jur
Apakah semua jurusan di UIN Sunan Gunung Djati Bandung bisa dipilih melalui seleksi SNBP?,snbp_jur
Apakah semua jurusan di UIN Sunan Gunung Djati Bandung dapat dipilih melalui seleksi SNBP?,snbp_jur
Apakah semua jurusan di UIN Sunan Gunung Djati Bandung bisa dipilih melalui jalur seleksi SNBP?,snbp_jur
Apakah semua jurusan di UIN Sunan Gunung Djati Bandung bisa dipilih lewat jalur seleksi SNBP?,snbp_jur
Apakah semua jurusan di UIN Sunan Gunung Djati Bandung dapat dipilih lewat seleksi SNBP?,snbp_jur
Apakah semua jurusan di UIN Sunan Gunung Djati Bandung bisa dipilih lewat SNBP?,snbp_jur
Apakah semua jurusan di UIN Sunan Gunung Djati Bandung dapat dipilih lewat SNBP?,snbp_jur
Apakah jalur SNBP memungkinkan semua jurusan di UIN Sunan Gunung Djati Bandung dipilih?,snbp_jur
Apakah semua jurusan di UIN Sunan Gunung Djati Bandung dapat dipilih melalui SNBP?,snbp_jur
Apakah semua jurusan di UIN Sunan Gunung Djati Bandung dipilih melalui jalur SNBP?,snbp_jur
Apakah semua jurusan di UIN Sunan Gunung Djati Bandung bisa dipilih lewat jalur SNBP?,snbp_jur
Apakah jalur seleksi SNBP memungkinkan dipilihnya semua jurusan di UIN Sunan Gunung Djati Bandung?,snbp_jur
Apakah semua jurusan di UIN Sunan Gunung Djati Bandung bisa dipilih melalui jalur seleksi SNBP?,snbp_jur
Bisa memilih semua jurusan yang tersedia di UIN Sunan Gunung Djati Bandung lewat jalur seleksi SNBP?,snbp_jur
Apakah jalur SNBP memungkinkan pemilihan semua program studi di UIN Sunan Gunung Djati Bandung?,snbp_jur
Apakah melalui SNBP bisa memilih semua jurusan di UIN Sunan Gunung Djati Bandung?,snbp_jur
Bisakah kita memilih semua jurusan di UIN Sunan Gunung Djati Bandung lewat jalur SNBP?,snbp_jur
Apakah SNBP membuka pilihan untuk semua jurusan di UIN Sunan Gunung Djati Bandung?,snbp_jur
Bisa memilih semua jurusan di UIN Sunan Gunung Djati Bandung melalui SNBP?,snbp_jur
Apakah pemilihan jurusan di UIN Sunan Gunung Djati Bandung bisa dilakukan lewat jalur SNBP?,snbp_jur
Apakah melalui seleksi SNBP semua jurusan di UIN Sunan Gunung Djati Bandung dapat dipilih?,snbp_jur
Apakah SNBP memungkinkan pemilihan jurusan apapun di UIN Sunan Gunung Djati Bandung?,snbp_jur
Bisakah jalur SNBP digunakan untuk memilih semua jurusan di UIN Sunan Gunung Djati Bandung?,snbp_jur
Dapatkah semua jurusan di UIN Sunan Gunung Djati Bandung dipilih melalui jalur SNBP?,snbp_jur
Apakah SNBP memungkinkan pemilihan jurusan di UIN Sunan Gunung Djati Bandung tanpa batasan?,snbp_jur
Bisakah kita mendaftar ke semua jurusan di UIN Sunan Gunung Djati Bandung melalui jalur SNBP?,snbp_jur
Apakah semua jurusan di UIN Sunan Gunung Djati Bandung bisa diakses melalui SNBP?,snbp_jur
Dapatkah jalur SNBP digunakan untuk memilih setiap jurusan di UIN Sunan Gunung Djati Bandung?,snbp_jur
Apakah seleksi SNBP memungkinkan akses ke semua jurusan di UIN Sunan Gunung Djati Bandung?,snbp_jur
Bisa memilih jurusan apapun di UIN Sunan Gunung Djati Bandung lewat jalur SNBP?,snbp_jur
Apakah pemilihan semua jurusan di UIN Sunan Gunung Djati Bandung dimungkinkan lewat SNBP?,snbp_jur
Bisakah melalui SNBP semua jurusan di UIN Sunan Gunung Djati Bandung dipilih?,snbp_jur
Dapatkah SNBP digunakan untuk memilih seluruh jurusan di UIN Sunan Gunung Djati Bandung?,snbp_jur
Apakah semua jurusan di UIN Sunan Gunung Djati Bandung dapat dipilih melalui jalur SNBP?,snbp_jur
Bisakah jalur SNBP memungkinkan kita memilih semua jurusan di UIN Sunan Gunung Djati Bandung?,snbp_jur
Apakah SNBP memberikan akses ke semua jurusan di UIN Sunan Gunung Djati Bandung?,snbp_jur
Dapatkah semua jurusan di UIN Sunan Gunung Djati Bandung dipilih lewat jalur SNBP?,snbp_jur
Apakah semua jurusan di UIN Sunan Gunung Djati Bandung ditawarkan melalui jalur seleksi SNBT?,snbt_jur
Apakah jalur seleksi SNBT mencakup semua jurusan di UIN Sunan Gunung Djati Bandung?,snbt_jur
Apakah setiap jurusan di UIN Sunan Gunung Djati Bandung dapat dipilih melalui jalur SNBT?,snbt_jur
Apakah SNBT menyediakan pilihan untuk semua program studi di UIN Sunan Gunung Djati Bandung?,snbt_jur
Apakah jalur SNBT memungkinkan pendaftaran di semua jurusan UIN Sunan Gunung Djati Bandung?,snbt_jur
Apakah SNBT membuka kesempatan untuk semua jurusan di UIN Sunan Gunung Djati Bandung?,snbt_jur
Apakah jalur SNBT mencakup setiap program studi di UIN Sunan Gunung Djati Bandung?,snbt_jur
Apakah jalur SNBT mencakup semua program studi di UIN Sunan Gunung Djati Bandung?,snbt_jur
Apakah jalur SNBT menawarkan semua program studi di UIN Sunan Gunung Djati Bandung?,snbt_jur
Apakah semua jurusan di UIN Sunan Gunung Djati Bandung tersedia melalui jalur SNBT?,snbt_jur
Apakah SNBT mencakup seluruh jurusan di UIN Sunan Gunung Djati Bandung?,snbt_jur
Apakah seluruh jurusan di UIN Sunan Gunung Djati Bandung tersedia di jalur SNBT?,snbt_jur
Apakah setiap jurusan di UIN Sunan Gunung Djati Bandung dapat dipilih melalui jalur seleksi SNBT?,snbt_jur
Apakah jalur SNBT memungkinkan untuk memilih semua jurusan di UIN Sunan Gunung Djati Bandung?,snbt_jur
Apakah semua program studi di UIN Sunan Gunung Djati Bandung bisa dipilih melalui jalur SNBT?,snbt_jur
Apakah jalur SNBT mencakup pilihan semua jurusan di UIN Sunan Gunung Djati Bandung?,snbt_jur
Apakah semua jurusan di UIN Sunan Gunung Djati Bandung termasuk dalam pilihan jalur SNBT?,snbt_jur
Apakah SNBT memungkinkan pendaftaran untuk setiap jurusan di UIN Sunan Gunung Djati Bandung?,snbt_jur
Apakah jalur SNBT membuka akses ke semua jurusan di UIN Sunan Gunung Djati Bandung?,snbt_jur
Apakah jalur SNBT mencakup seluruh program studi di UIN Sunan Gunung Djati Bandung?,snbt_jur
Apakah pilihan jurusan di UIN Sunan Gunung Djati Bandung melalui jalur SNBT tersedia?,snbt_jur
Apakah semua program studi di UIN Sunan Gunung Djati Bandung ditawarkan melalui jalur SNBT?,snbt_jur
Apakah jalur SNBT mencakup seluruh pilihan jurusan di UIN Sunan Gunung Djati Bandung?,snbt_jur
Apakah SNBT menyediakan pilihan untuk semua jurusan di UIN Sunan Gunung Djati Bandung?,snbt_jur
Apakah jalur SNBT menawarkan akses ke semua jurusan di UIN Sunan Gunung Djati Bandung?,snbt_jur
Apakah semua jurusan di UIN Sunan Gunung Djati Bandung ditawarkan melalui jalur seleksi SNBT?,snbt_jur
Apakah seluruh jurusan di UIN Sunan Gunung Djati Bandung tersedia melalui jalur SNBT?,snbt_jur
Apakah jalur SNBT mencakup setiap jurusan di UIN Sunan Gunung Djati Bandung?,snbt_jur
Apakah setiap program studi di UIN Sunan Gunung Djati Bandung dapat dipilih melalui jalur SNBT?,snbt_jur
Apakah semua program studi di UIN Sunan Gunung Djati Bandung bisa dipilih melalui jalur SNBT?,snbt_jur
Apakah semua program studi di UIN Sunan Gunung Djati Bandung ditawarkan melalui jalur SNBT?,snbt_jur
Apakah seluruh program studi di UIN Sunan Gunung Djati Bandung tersedia melalui jalur SNBT?,snbt_jur
Apakah jalur SNBT mencakup semua program studi di UIN Sunan Gunung Djati Bandung?,snbt_jur
Apakah jalur SNBT mencakup seluruh jurusan di UIN Sunan Gunung Djati Bandung?,snbt_jur
Apakah jalur SNBT mencakup semua jurusan di UIN Sunan Gunung Djati Bandung?,snbt_jur
Apakah jalur SNBT mencakup seluruh program studi di UIN Sunan Gunung Djati Bandung?,snbt_jur
Apakah jalur SNBT menawarkan seluruh program studi di UIN Sunan Gunung Djati Bandung?,snbt_jur
Apakah seluruh program studi di UIN Sunan Gunung Djati Bandung tersedia melalui jalur SNBT?,snbt_jur
Apakah jalur SNBT menawarkan semua program studi di UIN Sunan Gunung Djati Bandung?,snbt_jur
Apakah jalur SNBT memungkinkan untuk memilih seluruh jurusan di UIN Sunan Gunung Djati Bandung?,snbt_jur
Apakah semua program studi di UIN Sunan Gunung Djati Bandung termasuk dalam jalur SNBT?,snbt_jur
Apakah semua jurusan di UIN Sunan Gunung Djati Bandung tersedia dalam jalur SNBT?,snbt_jur
Apakah semua jurusan di UIN Sunan Gunung Djati Bandung termasuk dalam pilihan jalur SNBT?,snbt_jur
Apakah semua jurusan di UIN Sunan Gunung Djati Bandung bisa dipilih melalui jalur SNBT?,snbt_jur
Apakah seluruh jurusan di UIN Sunan Gunung Djati Bandung bisa dipilih melalui jalur SNBT?,snbt_jur
Apakah seluruh jurusan di UIN Sunan Gunung Djati Bandung termasuk dalam pilihan jalur SNBT?,snbt_jur
Apakah semua program studi di UIN Sunan Gunung Djati Bandung dapat dipilih melalui jalur SNBT?,snbt_jur
Apakah semua jurusan di UIN Sunan Gunung Djati Bandung ditawarkan dalam jalur SNBT?,snbt_jur
Apakah semua program studi di UIN Sunan Gunung Djati Bandung tersedia dalam jalur SNBT?,snbt_jur
Apakah semua program studi di UIN Sunan Gunung Djati Bandung dapat dipilih dalam jalur SNBT?,snbt_jur
Apakah kita bisa memilih semua jurusan di UIN Sunan Gunung Djati Bandung melalui jalur seleksi SPAN-PTKIN?,spanpt_jur
Apakah jalur SPAN-PTKIN memungkinkan memilih semua jurusan di UIN Sunan Gunung Djati Bandung?,spanpt_jur
Apakah jalur SPAN-PTKIN dapat digunakan untuk memilih semua jurusan di UIN Sunan Gunung Djati Bandung?,spanpt_jur
Apakah semua jurusan di UIN Sunan Gunung Djati Bandung dapat dipilih melalui jalur SPAN-PTKIN?,spanpt_jur
Apakah seleksi SPAN-PTKIN memungkinkan pemilihan semua jurusan di UIN Sunan Gunung Djati Bandung?,spanpt_jur
Apakah kita bisa mendaftar semua jurusan di UIN Sunan Gunung Djati Bandung melalui jalur SPAN-PTKIN?,spanpt_jur
Apakah semua jurusan di UIN Sunan Gunung Djati Bandung tersedia melalui jalur seleksi SPAN-PTKIN?,spanpt_jur
Apakah jalur SPAN-PTKIN mencakup semua jurusan di UIN Sunan Gunung Djati Bandung?,spanpt_jur
Apakah jalur seleksi SPAN-PTKIN memungkinkan pilihan semua jurusan di UIN Sunan Gunung Djati Bandung?,spanpt_jur
Apakah melalui jalur SPAN-PTKIN semua jurusan di UIN Sunan Gunung Djati Bandung bisa dipilih?,spanpt_jur
Apakah jalur SPAN-PTKIN bisa mencakup semua jurusan di UIN Sunan Gunung Djati Bandung?,spanpt_jur
Apakah jalur seleksi SPAN-PTKIN dapat mencakup semua jurusan di UIN Sunan Gunung Djati Bandung?,spanpt_jur
Apakah kita bisa memilih jurusan apa saja di UIN Sunan Gunung Djati Bandung melalui jalur SPAN-PTKIN?,spanpt_jur
Apakah melalui jalur SPAN-PTKIN kita bisa memilih jurusan apapun di UIN Sunan Gunung Djati Bandung?,spanpt_jur
Apakah semua jurusan di UIN Sunan Gunung Djati Bandung tersedia dalam jalur seleksi SPAN-PTKIN?,spanpt_jur
Apakah jalur SPAN-PTKIN bisa digunakan untuk memilih semua jurusan di UIN Sunan Gunung Djati Bandung?,spanpt_jur
Apakah semua jurusan di UIN Sunan Gunung Djati Bandung bisa dipilih melalui jalur seleksi SPAN-PTKIN?,spanpt_jur
Apakah jalur seleksi SPAN-PTKIN memungkinkan pendaftaran semua jurusan di UIN Sunan Gunung Djati Bandung?,spanpt_jur
Apakah kita bisa mendaftar di semua jurusan di UIN Sunan Gunung Djati Bandung lewat jalur SPAN-PTKIN?,spanpt_jur
Apakah jalur SPAN-PTKIN memungkinkan memilih semua program studi di UIN Sunan Gunung Djati Bandung?,spanpt_jur
Apakah jalur SPAN-PTKIN bisa digunakan untuk memilih semua program studi di UIN Sunan Gunung Djati Bandung?,spanpt_jur
Apakah jalur SPAN-PTKIN mencakup semua program studi di UIN Sunan Gunung Djati Bandung?,spanpt_jur
Apakah kita bisa memilih program studi apapun di UIN Sunan Gunung Djati Bandung lewat jalur SPAN-PTKIN?,spanpt_jur
Apakah jalur SPAN-PTKIN memungkinkan memilih program studi apapun di UIN Sunan Gunung Djati Bandung?,spanpt_jur
Apakah kita bisa mendaftar semua program studi di UIN Sunan Gunung Djati Bandung melalui jalur SPAN-PTKIN?,spanpt_jur
Bisakah semua jurusan di UIN Sunan Gunung Djati Bandung dipilih melalui jalur seleksi SPAN-PTKIN?,spanpt_jur
Apakah semua jurusan di UIN Sunan Gunung Djati Bandung dapat dipilih melalui jalur seleksi SPAN-PTKIN?,spanpt_jur
Dapatkah semua jurusan di UIN Sunan Gunung Djati Bandung dipilih lewat jalur SPAN-PTKIN?,spanpt_jur
Apakah semua jurusan di UIN Sunan Gunung Djati Bandung bisa dipilih lewat jalur SPAN-PTKIN?,spanpt_jur
Bisakah semua jurusan di UIN Sunan Gunung Djati Bandung dipilih dengan jalur SPAN-PTKIN?,spanpt_jur
Dapatkah semua jurusan di UIN Sunan Gunung Djati Bandung dipilih dengan jalur SPAN-PTKIN?,spanpt_jur
Bisakah semua jurusan di UIN Sunan Gunung Djati Bandung dipilih oleh peserta jalur SPAN-PTKIN?,spanpt_jur
Apakah semua jurusan di UIN Sunan Gunung Djati Bandung bisa dipilih oleh peserta jalur SPAN-PTKIN?,spanpt_jur
Bisakah jalur SPAN-PTKIN digunakan untuk memilih semua jurusan di UIN Sunan Gunung Djati Bandung?,spanpt_jur
Apakah jalur SPAN-PTKIN dapat digunakan untuk memilih semua jurusan di UIN Sunan Gunung Djati Bandung?,spanpt_jur
Dapatkah jalur SPAN-PTKIN digunakan untuk memilih semua jurusan di UIN Sunan Gunung Djati Bandung?,spanpt_jur
Bisakah semua program studi di UIN Sunan Gunung Djati Bandung dipilih lewat jalur SPAN-PTKIN?,spanpt_jur
Apakah semua program studi di UIN Sunan Gunung Djati Bandung bisa dipilih lewat jalur SPAN-PTKIN?,spanpt_jur
Dapatkah semua program studi di UIN Sunan Gunung Djati Bandung dipilih lewat jalur SPAN-PTKIN?,spanpt_jur
Bisakah semua program studi di UIN Sunan Gunung Djati Bandung dipilih melalui jalur SPAN-PTKIN?,spanpt_jur
Apakah semua program studi di UIN Sunan Gunung Djati Bandung bisa dipilih melalui jalur SPAN-PTKIN?,spanpt_jur
Bisakah jalur SPAN-PTKIN digunakan untuk memilih semua program studi di UIN Sunan Gunung Djati Bandung?,spanpt_jur
Apakah jalur SPAN-PTKIN dapat digunakan untuk memilih semua program studi di UIN Sunan Gunung Djati Bandung?,spanpt_jur
Dapatkah jalur SPAN-PTKIN digunakan untuk memilih semua program studi di UIN Sunan Gunung Djati Bandung?,spanpt_jur
Bisakah semua jurusan di UIN Sunan Gunung Djati Bandung dipilih dengan jalur seleksi SPAN-PTKIN?,spanpt_jur
Apakah semua jurusan di UIN Sunan Gunung Djati Bandung bisa dipilih dengan jalur seleksi SPAN-PTKIN?,spanpt_jur
Dapatkah semua jurusan di UIN Sunan Gunung Djati Bandung dipilih dengan jalur seleksi SPAN-PTKIN?,spanpt_jur
Bisakah semua program studi di UIN Sunan Gunung Djati Bandung dipilih dengan jalur seleksi SPAN-PTKIN?,spanpt_jur
Apakah semua program studi di UIN Sunan Gunung Djati Bandung bisa dipilih dengan jalur seleksi SPAN-PTKIN?,spanpt_jur
Dapatkah semua program studi di UIN Sunan Gunung Djati Bandung dipilih dengan jalur seleksi SPAN-PTKIN?,spanpt_jur
Apakah kamu bisa memilih semua jurusan di UIN Sunan Gunung Djati Bandung melalui jalur seleksi UMPTKIN?,umpt_jur
Bisakah kamu memilih jurusan di UIN Sunan Gunung Djati Bandung dengan jalur seleksi UMPTKIN?,umpt_jur
Dapatkah kamu memilih semua jurusan di UIN Sunan Gunung Djati Bandung melalui jalur seleksi UMPTKIN?,umpt_jur
Apakah kamu bisa menggunakan jalur seleksi UMPTKIN untuk memilih jurusan di UIN Sunan Gunung Djati Bandung?,umpt_jur
Bisakah jalur seleksi UMPTKIN digunakan untuk memilih jurusan di UIN Sunan Gunung Djati Bandung?,umpt_jur
Apakah jalur seleksi UMPTKIN memungkinkan kamu memilih semua jurusan di UIN Sunan Gunung Djati Bandung?,umpt_jur
Dapatkah kamu menggunakan jalur seleksi UMPTKIN untuk memilih jurusan di UIN Sunan Gunung Djati Bandung?,umpt_jur
Apakah jalur seleksi UMPTKIN memungkinkan pemilihan jurusan di UIN Sunan Gunung Djati Bandung oleh kamu?,umpt_jur
Bisakah kamu memilih jurusan di UIN Sunan Gunung Djati Bandung lewat jalur seleksi UMPTKIN?,umpt_jur
Apakah kamu bisa memilih jurusan di UIN Sunan Gunung Djati Bandung melalui jalur seleksi UMPTKIN?,umpt_jur
Dapatkah kamu memilih semua jurusan yang ada di UIN Sunan Gunung Djati Bandung dengan jalur seleksi UMPTKIN?,umpt_jur
Apakah kamu bisa memilih jurusan di UIN Sunan Gunung Djati Bandung menggunakan jalur seleksi UMPTKIN?,umpt_jur
Bisakah kamu memilih semua jurusan di UIN Sunan Gunung Djati Bandung melalui jalur seleksi UMPTKIN?,umpt_jur
Apakah kamu dapat memilih jurusan di UIN Sunan Gunung Djati Bandung lewat jalur seleksi UMPTKIN?,umpt_jur
Bisakah kamu memilih jurusan di UIN Sunan Gunung Djati Bandung menggunakan jalur seleksi UMPTKIN?,umpt_jur
Apakah kamu bisa memilih semua jurusan di UIN Sunan Gunung Djati Bandung lewat jalur seleksi UMPTKIN?,umpt_jur
Dapatkah kamu memilih jurusan di UIN Sunan Gunung Djati Bandung dengan jalur seleksi UMPTKIN?,umpt_jur
Apakah kamu bisa memilih jurusan di UIN Sunan Gunung Djati Bandung melalui jalur seleksi UMPTKIN?,umpt_jur
Bisakah kamu menggunakan jalur seleksi UMPTKIN untuk memilih semua jurusan di UIN Sunan Gunung Djati Bandung?,umpt_jur
Apakah kamu bisa memilih jurusan di UIN Sunan Gunung Djati Bandung dengan jalur seleksi UMPTKIN?,umpt_jur
Dapatkah kamu memilih semua jurusan di UIN Sunan Gunung Djati Bandung melalui jalur seleksi UMPTKIN?,umpt_jur
Apakah kamu bisa memilih jurusan di UIN Sunan Gunung Djati Bandung dengan menggunakan jalur seleksi UMPTKIN?,umpt_jur
Bisakah kamu memilih jurusan di UIN Sunan Gunung Djati Bandung melalui jalur seleksi UMPTKIN?,umpt_jur
Apakah kamu bisa memilih jurusan di UIN Sunan Gunung Djati Bandung menggunakan jalur seleksi UMPTKIN?,umpt_jur
Dapatkah kamu memilih jurusan di UIN Sunan Gunung Djati Bandung lewat jalur seleksi UMPTKIN?,umpt_jur
Apakah semua jurusan di UIN Sunan Gunung Djati Bandung bisa dipilih melalui jalur seleksi UMPTKIN?,umpt_jur
Dapatkah jurusan di UIN Sunan Gunung Djati Bandung dipilih melalui jalur seleksi UMPTKIN?,umpt_jur
Bisakah jurusan yang ada di UIN Sunan Gunung Djati Bandung dipilih dengan jalur seleksi UMPTKIN?,umpt_jur
Apakah pemilihan jurusan di UIN Sunan Gunung Djati Bandung bisa dilakukan melalui jalur seleksi UMPTKIN?,umpt_jur
Mungkinkah jurusan di UIN Sunan Gunung Djati Bandung dipilih melalui jalur seleksi UMPTKIN?,umpt_jur
Apakah jalur seleksi UMPTKIN memungkinkan pemilihan semua jurusan di UIN Sunan Gunung Djati Bandung?,umpt_jur
Bisakah jalur seleksi UMPTKIN digunakan untuk memilih jurusan di UIN Sunan Gunung Djati Bandung?,umpt_jur
Apakah jalur seleksi UMPTKIN mengizinkan pemilihan jurusan di UIN Sunan Gunung Djati Bandung?,umpt_jur
"Apakah melalui jalur seleksi UMPTKIN, jurusan di UIN Sunan Gunung Djati Bandung bisa dipilih?",umpt_jur
Bisakah jalur seleksi UMPTKIN mencakup semua jurusan di UIN Sunan Gunung Djati Bandung?,umpt_jur
Dapatkah jalur seleksi UMPTKIN dipakai untuk memilih jurusan di UIN Sunan Gunung Djati Bandung?,umpt_jur
Apakah jalur seleksi UMPTKIN memungkinkan pemilihan jurusan di UIN Sunan Gunung Djati Bandung?,umpt_jur
Mungkinkah jalur seleksi UMPTKIN dipakai untuk memilih semua jurusan di UIN Sunan Gunung Djati Bandung?,umpt_jur
Bisakah pemilihan jurusan di UIN Sunan Gunung Djati Bandung dilakukan melalui jalur seleksi UMPTKIN?,umpt_jur
Apakah jalur seleksi UMPTKIN mencakup pemilihan jurusan di UIN Sunan Gunung Djati Bandung?,umpt_jur
Dapatkah semua jurusan di UIN Sunan Gunung Djati Bandung dipilih melalui jalur seleksi UMPTKIN?,umpt_jur
Apakah jalur seleksi UMPTKIN bisa mencakup semua jurusan di UIN Sunan Gunung Djati Bandung?,umpt_jur
Bisakah jurusan-jurusan di UIN Sunan Gunung Djati Bandung dipilih melalui jalur seleksi UMPTKIN?,umpt_jur
Apakah jalur seleksi UMPTKIN bisa digunakan untuk memilih jurusan di UIN Sunan Gunung Djati Bandung?,umpt_jur
Dapatkah jalur seleksi UMPTKIN memilih jurusan di UIN Sunan Gunung Djati Bandung?,umpt_jur
Mungkinkah jalur seleksi UMPTKIN dipakai untuk memilih jurusan di UIN Sunan Gunung Djati Bandung?,umpt_jur
Bisakah jalur seleksi UMPTKIN memilih jurusan di UIN Sunan Gunung Djati Bandung?,umpt_jur
Apakah semua jurusan di UIN Sunan Gunung Djati Bandung bisa dipilih lewat jalur seleksi UMPTKIN?,umpt_jur
Dapatkah jalur seleksi UMPTKIN digunakan untuk memilih semua jurusan di UIN Sunan Gunung Djati Bandung?,umpt_jur
Bisakah jalur seleksi UMPTKIN dipakai untuk memilih jurusan di UIN Sunan Gunung Djati Bandung?,umpt_jur
Bisakah semua jurusan di UIN Sunan Gunung Djati Bandung dipilih melalui jalur seleksi Mandiri?,man_jur
Apakah semua jurusan di UIN Sunan Gunung Djati Bandung dapat dipilih oleh jalur seleksi Mandiri?,man_jur
Dapatkah semua jurusan di UIN Sunan Gunung Djati Bandung dipilih lewat jalur seleksi Mandiri?,man_jur
Apakah semua jurusan di UIN Sunan Gunung Djati Bandung bisa dipilih dengan jalur seleksi Mandiri?,man_jur
"Jalur seleksi Mandiri dapat memilih semua jurusan di UIN Sunan Gunung Djati Bandung, bukan?",man_jur
Apakah semua jurusan di UIN Sunan Gunung Djati Bandung bisa dipilih menggunakan jalur seleksi Mandiri?,man_jur
Bisakah semua jurusan di UIN Sunan Gunung Djati Bandung dipilih dengan jalur seleksi Mandiri?,man_jur
Dapatkah semua jurusan di UIN Sunan Gunung Djati Bandung dipilih dengan jalur seleksi Mandiri?,man_jur
Apakah semua jurusan di UIN Sunan Gunung Djati Bandung dapat dipilih melalui jalur seleksi Mandiri?,man_jur
"Apakah melalui jalur seleksi Mandiri, semua jurusan di UIN Sunan Gunung Djati Bandung dapat dipilih?",man_jur
Bisakah semua jurusan di UIN Sunan Gunung Djati Bandung dipilih dengan menggunakan jalur seleksi Mandiri?,man_jur
Apakah semua jurusan di UIN Sunan Gunung Djati Bandung dapat dipilih dengan jalur seleksi Mandiri?,man_jur
"Jalur seleksi Mandiri dapat memilih semua jurusan di UIN Sunan Gunung Djati Bandung, bukan?",man_jur
Bisakah semua jurusan di UIN Sunan Gunung Djati Bandung dipilih oleh jalur seleksi Mandiri?,man_jur
Dapatkah semua jurusan di UIN Sunan Gunung Djati Bandung dipilih lewat jalur seleksi Mandiri?,man_jur
Apakah semua jurusan di UIN Sunan Gunung Djati Bandung dapat dipilih oleh jalur seleksi Mandiri?,man_jur
Apakah semua jurusan di UIN Sunan Gunung Djati Bandung bisa dipilih lewat jalur seleksi Mandiri?,man_jur
Bisakah jalur seleksi Mandiri digunakan untuk memilih semua jurusan di UIN Sunan Gunung Djati Bandung?,man_jur
Apakah semua jurusan di UIN Sunan Gunung Djati Bandung dapat dipilih lewat jalur seleksi Mandiri?,man_jur
"Jalur seleksi Mandiri dapat digunakan untuk memilih semua jurusan di UIN Sunan Gunung Djati Bandung, bukan?",man_jur
Apakah semua jurusan di UIN Sunan Gunung Djati Bandung bisa dipilih oleh jalur seleksi Mandiri?,man_jur
Dapatkah semua jurusan di UIN Sunan Gunung Djati Bandung dipilih melalui jalur seleksi Mandiri?,man_jur
Bisakah semua jurusan di UIN Sunan Gunung Djati Bandung dipilih dengan jalur seleksi Mandiri?,man_jur
Apakah jalur seleksi Mandiri dapat memilih semua jurusan di UIN Sunan Gunung Djati Bandung?,man_jur
Dapatkah semua jurusan di UIN Sunan Gunung Djati Bandung dipilih dengan menggunakan jalur seleksi Mandiri?,man_jur
Apakah jalur seleksi Mandiri bisa memilih semua jurusan yang ada di UIN Sunan Gunung Djati Bandung?,man_jur
Bisakah jalur seleksi Mandiri memilih semua jurusan yang ada di UIN Sunan Gunung Djati Bandung?,man_jur
Apakah jalur seleksi Mandiri mampu memilih semua jurusan di UIN Sunan Gunung Djati Bandung?,man_jur
Dapatkah jalur seleksi Mandiri memilih semua jurusan di UIN Sunan Gunung Djati Bandung?,man_jur
Bisakah semua jurusan di UIN Sunan Gunung Djati Bandung dipilih dengan jalur seleksi Mandiri?,man_jur
Apakah semua jurusan di UIN Sunan Gunung Djati Bandung dapat dipilih melalui jalur seleksi Mandiri?,man_jur
Dapatkah jalur seleksi Mandiri memilih semua jurusan yang ada di UIN Sunan Gunung Djati Bandung?,man_jur
Apakah semua jurusan yang ada di UIN Sunan Gunung Djati Bandung bisa dipilih dengan jalur seleksi Mandiri?,man_jur
"Jalur seleksi Mandiri dapat memilih semua jurusan di UIN Sunan Gunung Djati Bandung, bukan?",man_jur
Apakah semua jurusan di UIN Sunan Gunung Djati Bandung bisa dipilih oleh jalur seleksi Mandiri?,man_jur
Bisakah semua jurusan di UIN Sunan Gunung Djati Bandung dipilih oleh jalur seleksi Mandiri?,man_jur
Apakah jalur seleksi Mandiri dapat memilih semua jurusan di UIN Sunan Gunung Djati Bandung?,man_jur
Dapatkah jalur seleksi Mandiri memilih semua jurusan yang ada di UIN Sunan Gunung Djati Bandung?,man_jur
Apakah jalur seleksi Mandiri bisa memilih semua jurusan di UIN Sunan Gunung Djati Bandung?,man_jur
Bisakah jalur seleksi Mandiri memilih semua jurusan yang ada di UIN Sunan Gunung Djati Bandung?,man_jur
Apakah semua jurusan di UIN Sunan Gunung Djati Bandung dapat dipilih melalui jalur seleksi Mandiri?,man_jur
Dapatkah jalur seleksi Mandiri memilih semua jurusan yang ada di UIN Sunan Gunung Djati Bandung?,man_jur
Apakah semua jurusan di UIN Sunan Gunung Djati Bandung bisa dipilih lewat jalur seleksi Mandiri?,man_jur
Bisakah semua jurusan di UIN Sunan Gunung Djati Bandung dipilih oleh jalur seleksi Mandiri?,man_jur
Apakah semua jurusan di UIN Sunan Gunung Djati Bandung bisa dipilih dengan jalur seleksi Mandiri?,man_jur
Dapatkah semua jurusan di UIN Sunan Gunung Djati Bandung dipilih melalui jalur seleksi Mandiri?,man_jur
Apakah jalur seleksi Mandiri bisa memilih semua jurusan yang ada di UIN Sunan Gunung Djati Bandung?,man_jur
Bisakah jalur seleksi Mandiri memilih semua jurusan di UIN Sunan Gunung Djati Bandung?,man_jur
Apakah semua jurusan di UIN Sunan Gunung Djati Bandung dapat dipilih melalui jalur seleksi Mandiri?,man_jur
Dapatkah jalur seleksi Mandiri memilih semua jurusan di UIN Sunan Gunung Djati Bandung?,man_jur
Berapa jalur seleksi masuk Pasca Sarjana UIN Sunan Gunung Djati Bandung yang ada?,jm_s2
Ada berapa jalur seleksi yang digunakan untuk masuk Pasca Sarjana UIN Sunan Gunung Djati Bandung?,jm_s2
Berapa jumlah jalur seleksi masuk Pasca Sarjana UIN Sunan Gunung Djati Bandung?,jm_s2
Berapa banyak jalur seleksi yang tersedia untuk Pasca Sarjana UIN Sunan Gunung Djati Bandung?,jm_s2
Jalur seleksi apa saja yang ada untuk masuk Pasca Sarjana UIN Sunan Gunung Djati Bandung?,jm_s2
Apakah ada beberapa jalur seleksi untuk masuk Pasca Sarjana UIN Sunan Gunung Djati Bandung?,jm_s2
Berapa jenis jalur seleksi yang diterapkan untuk Pasca Sarjana UIN Sunan Gunung Djati Bandung?,jm_s2
Ada berapa jenis jalur seleksi yang diterapkan pada Pasca Sarjana UIN Sunan Gunung Djati Bandung?,jm_s2
Jalur seleksi apa yang digunakan untuk masuk ke Pasca Sarjana UIN Sunan Gunung Djati Bandung?,jm_s2
Berapa banyak jalur seleksi yang ditawarkan oleh Pasca Sarjana UIN Sunan Gunung Djati Bandung?,jm_s2
Apa saja jalur seleksi yang tersedia untuk program Pasca Sarjana di UIN Sunan Gunung Djati Bandung?,jm_s2
Berapa jalur seleksi yang digunakan untuk program Pasca Sarjana di UIN Sunan Gunung Djati Bandung?,jm_s2
Berapa jalur seleksi yang diterapkan di Pasca Sarjana UIN Sunan Gunung Djati Bandung?,jm_s2
Apa jumlah jalur seleksi untuk masuk ke Pasca Sarjana UIN Sunan Gunung Djati Bandung?,jm_s2
Ada berapa jalur yang ditawarkan untuk seleksi masuk Pasca Sarjana UIN Sunan Gunung Djati Bandung?,jm_s2
Berapa banyak jalur seleksi masuk yang ada di Pasca Sarjana UIN Sunan Gunung Djati Bandung?,jm_s2
Apa saja jalur seleksi yang diterapkan di Pasca Sarjana UIN Sunan Gunung Djati Bandung?,jm_s2
Berapa banyak jalur seleksi yang diterapkan pada Pasca Sarjana UIN Sunan Gunung Djati Bandung?,jm_s2
Apakah jalur seleksi untuk Pasca Sarjana UIN Sunan Gunung Djati Bandung ada lebih dari satu?,jm_s2
Ada berapa opsi jalur seleksi untuk Pasca Sarjana UIN Sunan Gunung Djati Bandung?,jm_s2
Berapa banyak jalur seleksi yang tersedia bagi calon mahasiswa Pasca Sarjana UIN Sunan Gunung Djati Bandung?,jm_s2
Berapa jumlah jalur seleksi yang disediakan untuk Pasca Sarjana UIN Sunan Gunung Djati Bandung?,jm_s2
Apa saja jenis jalur seleksi yang ada untuk Pasca Sarjana UIN Sunan Gunung Djati Bandung?,jm_s2
Berapa banyak jalur seleksi yang ada untuk program Pasca Sarjana di UIN Sunan Gunung Djati Bandung?,jm_s2
Apakah ada lebih dari satu jalur seleksi untuk Pasca Sarjana UIN Sunan Gunung Djati Bandung?,jm_s2
Berapa banyak jalur seleksi yang diterima untuk Pasca Sarjana UIN Sunan Gunung Djati Bandung?,jm_s2
Berapa jalur seleksi yang disediakan untuk Pasca Sarjana UIN Sunan Gunung Djati Bandung?,jm_s2
Berapa jumlah jalur seleksi yang diterima di Pasca Sarjana UIN Sunan Gunung Djati Bandung?,jm_s2
Berapa banyak jalur seleksi yang diterima di Pasca Sarjana UIN Sunan Gunung Djati Bandung?,jm_s2
Apa saja jalur seleksi yang diterima di Pasca Sarjana UIN Sunan Gunung Djati Bandung?,jm_s2
Berapa jalur seleksi yang diterima untuk masuk Pasca Sarjana UIN Sunan Gunung Djati Bandung?,jm_s2
Berapa banyak jalur seleksi yang diterima untuk masuk Pasca Sarjana UIN Sunan Gunung Djati Bandung?,jm_s2
Berapa jumlah jalur seleksi yang diterima untuk program Pasca Sarjana di UIN Sunan Gunung Djati Bandung?,jm_s2
Berapa banyak jalur seleksi yang diterima untuk program Pasca Sarjana di UIN Sunan Gunung Djati Bandung?,jm_s2
Jalur seleksi apa saja yang diterima untuk Pasca Sarjana UIN Sunan Gunung Djati Bandung?,jm_s2
Berapa jalur seleksi yang diterima oleh Pasca Sarjana UIN Sunan Gunung Djati Bandung?,jm_s2
Berapa banyak jalur seleksi yang diterima oleh Pasca Sarjana UIN Sunan Gunung Djati Bandung?,jm_s2
Apa saja jalur seleksi yang diterima oleh Pasca Sarjana UIN Sunan Gunung Djati Bandung?,jm_s2
Berapa jalur seleksi yang diterima untuk masuk ke Pasca Sarjana UIN Sunan Gunung Djati Bandung?,jm_s2
Berapa jumlah jalur seleksi yang diterima untuk masuk ke Pasca Sarjana UIN Sunan Gunung Djati Bandung?,jm_s2
Jalur seleksi apa yang diterima untuk Pasca Sarjana UIN Sunan Gunung Djati Bandung?,jm_s2
Berapa banyak jalur seleksi yang diterima untuk seleksi masuk Pasca Sarjana UIN Sunan Gunung Djati Bandung?,jm_s2
Berapa banyak jalur seleksi yang diterima untuk masuk Pasca Sarjana UIN Sunan Gunung Djati Bandung?,jm_s2
Apa saja jenis jalur seleksi yang diterima untuk Pasca Sarjana UIN Sunan Gunung Djati Bandung?,jm_s2
Berapa jalur seleksi yang diterima untuk program Pasca Sarjana UIN Sunan Gunung Djati Bandung?,jm_s2
Apa jumlah jalur seleksi yang diterima oleh Pasca Sarjana UIN Sunan Gunung Djati Bandung?,jm_s2
Berapa jalur seleksi yang diterima untuk Pasca Sarjana di UIN Sunan Gunung Djati Bandung?,jm_s2
Berapa banyak jalur seleksi yang diterima untuk Pasca Sarjana di UIN Sunan Gunung Djati Bandung?,jm_s2
Jalur seleksi apa yang diterima untuk program Pasca Sarjana UIN Sunan Gunung Djati Bandung?,jm_s2
Berapa banyak jalur seleksi yang diterima pada Pasca Sarjana UIN Sunan Gunung Djati Bandung?,jm_s2
Di mana informasi tentang Penerimaan Mahasiswa Baru di UIN Sunan Gunung Djati Bandung bisa didapat?,portal_pmb
Informasi tentang Penerimaan Mahasiswa Baru di UIN Sunan Gunung Djati Bandung bisa didapat di mana?,portal_pmb
Di mana Penerimaan Mahasiswa Baru di UIN Sunan Gunung Djati Bandung informasi bisa ditemukan?,portal_pmb
Penerimaan Mahasiswa Baru di UIN Sunan Gunung Djati Bandung informasi bisa ditemukan di mana?,portal_pmb
Di mana informasi mengenai Penerimaan Mahasiswa Baru di UIN Sunan Gunung Djati Bandung bisa diperoleh?,portal_pmb
Informasi mengenai Penerimaan Mahasiswa Baru di UIN Sunan Gunung Djati Bandung bisa diperoleh di mana?,portal_pmb
Di mana informasi Penerimaan Mahasiswa Baru di UIN Sunan Gunung Djati Bandung bisa dicari?,portal_pmb
Di mana informasi tentang Penerimaan Mahasiswa Baru di UIN Sunan Gunung Djati Bandung dapat ditemukan?,portal_pmb
Di mana Penerimaan Mahasiswa Baru di UIN Sunan Gunung Djati Bandung bisa ditemukan?,portal_pmb
Di mana informasi tentang Penerimaan Mahasiswa Baru di UIN Sunan Gunung Djati Bandung dapat didapatkan?,portal_pmb
Informasi mengenai Penerimaan Mahasiswa Baru di UIN Sunan Gunung Djati Bandung dapat ditemukan di mana?,portal_pmb
Di mana Penerimaan Mahasiswa Baru di UIN Sunan Gunung Djati Bandung bisa dicari?,portal_pmb
Informasi tentang Penerimaan Mahasiswa Baru di UIN Sunan Gunung Djati Bandung bisa diperoleh di mana?,portal_pmb
Di mana informasi tentang Penerimaan Mahasiswa Baru di UIN Sunan Gunung Djati Bandung dapat diakses?,portal_pmb
Di mana informasi Penerimaan Mahasiswa Baru di UIN Sunan Gunung Djati Bandung bisa diakses?,portal_pmb
Penerimaan Mahasiswa Baru di UIN Sunan Gunung Djati Bandung informasi bisa didapatkan di mana?,portal_pmb
Di mana informasi Penerimaan Mahasiswa Baru di UIN Sunan Gunung Djati Bandung dapat dicari?,portal_pmb
Penerimaan Mahasiswa Baru di UIN Sunan Gunung Djati Bandung informasi bisa ditemukan di mana?,portal_pmb
Di mana informasi tentang Penerimaan Mahasiswa Baru di UIN Sunan Gunung Djati Bandung dapat diperoleh?,portal_pmb
Di mana Penerimaan Mahasiswa Baru di UIN Sunan Gunung Djati Bandung informasi bisa dicari?,portal_pmb
Di mana Penerimaan Mahasiswa Baru di UIN Sunan Gunung Djati Bandung bisa diperoleh?,portal_pmb
Di mana informasi tentang Penerimaan Mahasiswa Baru di UIN Sunan Gunung Djati Bandung bisa diambil?,portal_pmb
Informasi mengenai Penerimaan Mahasiswa Baru di UIN Sunan Gunung Djati Bandung dapat diambil di mana?,portal_pmb
Di mana informasi Penerimaan Mahasiswa Baru di UIN Sunan Gunung Djati Bandung dapat diperoleh?,portal_pmb
Di mana informasi tentang Penerimaan Mahasiswa Baru di UIN Sunan Gunung Djati Bandung dapat ditemukan?,portal_pmb
Di mana saya dapat memperoleh informasi tentang Penerimaan Mahasiswa Baru di UIN Sunan Gunung Djati Bandung?,portal_pmb
Di mana saya bisa menemukan informasi tentang Penerimaan Mahasiswa Baru di UIN Sunan Gunung Djati Bandung?,portal_pmb
Di mana saya dapat mendapatkan informasi tentang Penerimaan Mahasiswa Baru di UIN Sunan Gunung Djati Bandung?,portal_pmb
Di mana saya bisa mendapatkan informasi mengenai Penerimaan Mahasiswa Baru di UIN Sunan Gunung Djati Bandung?,portal_pmb
Di mana saya dapat mencari informasi tentang Penerimaan Mahasiswa Baru di UIN Sunan Gunung Djati Bandung?,portal_pmb
Di mana saya bisa memperoleh informasi tentang Penerimaan Mahasiswa Baru di UIN Sunan Gunung Djati Bandung?,portal_pmb
Di mana saya bisa memperoleh informasi mengenai Penerimaan Mahasiswa Baru di UIN Sunan Gunung Djati Bandung?,portal_pmb
Di mana saya bisa menemukan informasi mengenai Penerimaan Mahasiswa Baru di UIN Sunan Gunung Djati Bandung?,portal_pmb
Di mana saya dapat mencari informasi tentang Penerimaan Mahasiswa Baru di UIN Sunan Gunung Djati Bandung?,portal_pmb
Di mana saya bisa mencari informasi tentang Penerimaan Mahasiswa Baru di UIN Sunan Gunung Djati Bandung?,portal_pmb
Di mana saya dapat menemukan informasi tentang Penerimaan Mahasiswa Baru di UIN Sunan Gunung Djati Bandung?,portal_pmb
Di mana saya bisa memperoleh informasi mengenai Penerimaan Mahasiswa Baru di UIN Sunan Gunung Djati Bandung?,portal_pmb
Di mana saya dapat memperoleh informasi mengenai Penerimaan Mahasiswa Baru di UIN Sunan Gunung Djati Bandung?,portal_pmb
Di mana saya bisa mendapatkan informasi mengenai Penerimaan Mahasiswa Baru di UIN Sunan Gunung Djati Bandung?,portal_pmb
Di mana saya dapat menemukan informasi mengenai Penerimaan Mahasiswa Baru di UIN Sunan Gunung Djati Bandung?,portal_pmb
Di mana saya bisa mendapatkan informasi tentang Penerimaan Mahasiswa Baru di UIN Sunan Gunung Djati Bandung?,portal_pmb
Di mana saya dapat mendapatkan informasi mengenai Penerimaan Mahasiswa Baru di UIN Sunan Gunung Djati Bandung?,portal_pmb
Di mana saya bisa menemukan informasi mengenai Penerimaan Mahasiswa Baru di UIN Sunan Gunung Djati Bandung?,portal_pmb
Di mana saya dapat mencari informasi mengenai Penerimaan Mahasiswa Baru di UIN Sunan Gunung Djati Bandung?,portal_pmb
Di mana saya bisa mendapatkan informasi tentang Penerimaan Mahasiswa Baru di UIN Sunan Gunung Djati Bandung?,portal_pmb
Di mana saya bisa menemukan informasi mengenai Penerimaan Mahasiswa Baru di UIN Sunan Gunung Djati Bandung?,portal_pmb
Di mana saya dapat memperoleh informasi tentang Penerimaan Mahasiswa Baru di UIN Sunan Gunung Djati Bandung?,portal_pmb
Di mana saya dapat menemukan informasi mengenai Penerimaan Mahasiswa Baru di UIN Sunan Gunung Djati Bandung?,portal_pmb
Di mana saya bisa memperoleh informasi tentang Penerimaan Mahasiswa Baru di UIN Sunan Gunung Djati Bandung?,portal_pmb
Di mana saya bisa mencari informasi mengenai Penerimaan Mahasiswa Baru di UIN Sunan Gunung Djati Bandung?,portal_pmb
Berapa biaya pendidikan yang dikenakan di UIN Sunan Gunung Djati Bandung?,ukt
Berapa biaya yang diperlukan untuk pendidikan di UIN Sunan Gunung Djati Bandung?,ukt
Berapa biaya yang harus dibayar untuk pendidikan di UIN Sunan Gunung Djati Bandung?,ukt
Berapa biaya pendidikan yang dipatok di UIN Sunan Gunung Djati Bandung?,ukt
Berapa biaya pendidikan yang dikenakan kepada mahasiswa di UIN Sunan Gunung Djati Bandung?,ukt
Berapa biaya yang ditetapkan untuk pendidikan di UIN Sunan Gunung Djati Bandung?,ukt
Berapa biaya yang ditanggung untuk pendidikan di UIN Sunan Gunung Djati Bandung?,ukt
Berapa biaya pendidikan yang diterapkan di UIN Sunan Gunung Djati Bandung?,ukt
Berapa biaya yang dikenakan pada mahasiswa di UIN Sunan Gunung Djati Bandung?,ukt
Berapa biaya pendidikan yang dibebankan di UIN Sunan Gunung Djati Bandung?,ukt
Berapa biaya yang ditetapkan untuk mahasiswa di UIN Sunan Gunung Djati Bandung?,ukt
Berapa biaya pendidikan yang harus dibayar di UIN Sunan Gunung Djati Bandung?,ukt
Berapa biaya yang dikeluarkan untuk pendidikan di UIN Sunan Gunung Djati Bandung?,ukt
Berapa biaya pendidikan yang dikenakan kepada calon mahasiswa di UIN Sunan Gunung Djati Bandung?,ukt
Berapa biaya yang harus dikeluarkan untuk pendidikan di UIN Sunan Gunung Djati Bandung?,ukt
Berapa biaya pendidikan yang dikenakan kepada pelajar di UIN Sunan Gunung Djati Bandung?,ukt
Berapa biaya yang dikenakan pada calon mahasiswa di UIN Sunan Gunung Djati Bandung?,ukt
Berapa biaya pendidikan yang ditentukan di UIN Sunan Gunung Djati Bandung?,ukt
Berapa biaya yang harus dibayar oleh mahasiswa di UIN Sunan Gunung Djati Bandung?,ukt
Berapa biaya pendidikan yang dikenakan di UIN Sunan Gunung Djati Bandung saat ini?,ukt
Berapa biaya pendidikan yang berlaku di UIN Sunan Gunung Djati Bandung?,ukt
Berapa biaya yang harus dikeluarkan untuk kuliah di UIN Sunan Gunung Djati Bandung?,ukt
Berapa biaya pendidikan yang diterapkan di UIN Sunan Gunung Djati Bandung saat ini?,ukt
Berapa biaya yang ditentukan untuk pendidikan di UIN Sunan Gunung Djati Bandung?,ukt
Berapa biaya yang dibebankan untuk pendidikan di UIN Sunan Gunung Djati Bandung?,ukt
Berapa biaya yang harus dibayar untuk pendidikan di UIN Sunan Gunung Djati Bandung?,ukt
Berapa biaya yang dikenakan untuk pendidikan di UIN Sunan Gunung Djati Bandung?,ukt
Berapa biaya yang dibutuhkan untuk pendidikan di UIN Sunan Gunung Djati Bandung?,ukt
Berapa biaya yang ditetapkan untuk pendidikan di UIN Sunan Gunung Djati Bandung?,ukt
Berapa biaya yang dikenakan pada mahasiswa di UIN Sunan Gunung Djati Bandung?,ukt
Berapa biaya yang berlaku untuk pendidikan di UIN Sunan Gunung Djati Bandung?,ukt
Berapa biaya yang harus dikeluarkan untuk pendidikan di UIN Sunan Gunung Djati Bandung?,ukt
Berapa biaya yang harus dibayar mahasiswa untuk kuliah di UIN Sunan Gunung Djati Bandung?,ukt
Berapa biaya yang dikenakan pada calon mahasiswa di UIN Sunan Gunung Djati Bandung?,ukt
Berapa biaya yang harus dibayar untuk kuliah di UIN Sunan Gunung Djati Bandung?,ukt
Berapa biaya yang ditanggung mahasiswa di UIN Sunan Gunung Djati Bandung?,ukt
Berapa biaya yang harus dibayar untuk pendidikan tinggi di UIN Sunan Gunung Djati Bandung?,ukt
Berapa biaya yang harus dikeluarkan untuk kuliah di UIN Sunan Gunung Djati Bandung?,ukt
Berapa biaya yang dibebankan untuk pendidikan di UIN Sunan Gunung Djati Bandung?,ukt
Berapa biaya yang harus dibayar calon mahasiswa untuk pendidikan di UIN Sunan Gunung Djati Bandung?,ukt
Berapa biaya yang harus dibayar untuk mengikuti pendidikan di UIN Sunan Gunung Djati Bandung?,ukt
Berapa biaya yang dikenakan untuk kuliah di UIN Sunan Gunung Djati Bandung?,ukt
Berapa biaya yang ditanggung untuk kuliah di UIN Sunan Gunung Djati Bandung?,ukt
Berapa biaya yang harus dikeluarkan oleh mahasiswa di UIN Sunan Gunung Djati Bandung?,ukt
Berapa biaya yang ditetapkan untuk kuliah di UIN Sunan Gunung Djati Bandung?,ukt
Berapa biaya yang harus dibayar untuk mendaftar pendidikan di UIN Sunan Gunung Djati Bandung?,ukt
Berapa biaya yang dikenakan untuk pendidikan tinggi di UIN Sunan Gunung Djati Bandung?,ukt
Berapa biaya yang harus dibayar mahasiswa untuk pendidikan di UIN Sunan Gunung Djati Bandung?,ukt
Berapa biaya yang ditentukan untuk pendidikan di UIN Sunan Gunung Djati Bandung?,ukt
Berapa biaya yang harus dikeluarkan untuk pendidikan di UIN Sunan Gunung Djati Bandung saat ini?,ukt
Apakah UIN Sunan Gunung Djati Bandung menawarkan program beasiswa?,beasiswa
Program beasiswa apa yang ditawarkan oleh UIN Sunan Gunung Djati Bandung?,beasiswa
Apakah UIN Sunan Gunung Djati Bandung memiliki program beasiswa?,beasiswa
Program beasiswa mana yang ada di UIN Sunan Gunung Djati Bandung?,beasiswa
Apakah UIN Sunan Gunung Djati Bandung menyelenggarakan program beasiswa?,beasiswa
Program beasiswa apa yang tersedia di UIN Sunan Gunung Djati Bandung?,beasiswa
Apakah UIN Sunan Gunung Djati Bandung memberikan beasiswa?,beasiswa
Program beasiswa apa yang ditawarkan oleh UIN Sunan Gunung Djati Bandung?,beasiswa
Apakah ada program beasiswa di UIN Sunan Gunung Djati Bandung?,beasiswa
Program beasiswa jenis apa yang ada di UIN Sunan Gunung Djati Bandung?,beasiswa
Apakah UIN Sunan Gunung Djati Bandung memiliki beasiswa?,beasiswa
Program beasiswa seperti apa yang ditawarkan oleh UIN Sunan Gunung Djati Bandung?,beasiswa
Apakah UIN Sunan Gunung Djati Bandung memiliki jenis program beasiswa?,beasiswa
Program beasiswa apa yang tersedia di UIN Sunan Gunung Djati Bandung?,beasiswa
Apakah UIN Sunan Gunung Djati Bandung menyediakan program beasiswa?,beasiswa
Program beasiswa apa yang bisa didapatkan di UIN Sunan Gunung Djati Bandung?,beasiswa
Apakah UIN Sunan Gunung Djati Bandung menawarkan beasiswa?,beasiswa
Program beasiswa seperti apa yang ada di UIN Sunan Gunung Djati Bandung?,beasiswa
Apakah UIN Sunan Gunung Djati Bandung memiliki program beasiswa yang aktif?,beasiswa
Program beasiswa yang ditawarkan oleh UIN Sunan Gunung Djati Bandung apa saja?,beasiswa
Apakah beasiswa disediakan di UIN Sunan Gunung Djati Bandung?,beasiswa
Program beasiswa yang ada di UIN Sunan Gunung Djati Bandung apa?,beasiswa
Apakah UIN Sunan Gunung Djati Bandung menyelenggarakan beasiswa?,beasiswa
Program beasiswa di UIN Sunan Gunung Djati Bandung bagaimana?,beasiswa
Apakah beasiswa tersedia di UIN Sunan Gunung Djati Bandung?,beasiswa
Apakah program beasiswa ditawarkan oleh UIN Sunan Gunung Djati Bandung?,beasiswa
Program beasiswa di UIN Sunan Gunung Djati Bandung ditawarkan oleh siapa?,beasiswa
Apakah program beasiswa tersedia di UIN Sunan Gunung Djati Bandung?,beasiswa
Program beasiswa di UIN Sunan Gunung Djati Bandung apakah sudah disediakan?,beasiswa
Apakah program beasiswa di UIN Sunan Gunung Djati Bandung diberikan?,beasiswa
Program beasiswa apa saja yang disediakan oleh UIN Sunan Gunung Djati Bandung?,beasiswa
Apakah beasiswa diberikan oleh UIN Sunan Gunung Djati Bandung?,beasiswa
Program beasiswa di UIN Sunan Gunung Djati Bandung apakah telah ditawarkan?,beasiswa
Apakah program beasiswa di UIN Sunan Gunung Djati Bandung sudah ada?,beasiswa
Program beasiswa di UIN Sunan Gunung Djati Bandung bagaimana kondisinya?,beasiswa
Apakah beasiswa di UIN Sunan Gunung Djati Bandung sudah disediakan?,beasiswa
Program beasiswa apa yang disediakan di UIN Sunan Gunung Djati Bandung?,beasiswa
Apakah program beasiswa sudah ditawarkan oleh UIN Sunan Gunung Djati Bandung?,beasiswa
Program beasiswa di UIN Sunan Gunung Djati Bandung apakah tersedia?,beasiswa
Apakah program beasiswa diberikan di UIN Sunan Gunung Djati Bandung?,beasiswa
Program beasiswa di UIN Sunan Gunung Djati Bandung apakah sudah ada?,beasiswa
Apakah beasiswa di UIN Sunan Gunung Djati Bandung telah ditawarkan?,beasiswa
Program beasiswa di UIN Sunan Gunung Djati Bandung bagaimana ketersediaannya?,beasiswa
Apakah program beasiswa yang ada di UIN Sunan Gunung Djati Bandung disediakan?,beasiswa
Program beasiswa yang ditawarkan oleh UIN Sunan Gunung Djati Bandung apakah sudah tersedia?,beasiswa
Apakah program beasiswa disediakan oleh UIN Sunan Gunung Djati Bandung?,beasiswa
Program beasiswa di UIN Sunan Gunung Djati Bandung apakah telah disediakan?,beasiswa
Apakah beasiswa di UIN Sunan Gunung Djati Bandung telah ada?,beasiswa
Program beasiswa di UIN Sunan Gunung Djati Bandung apakah sudah ada?,beasiswa
Apakah beasiswa di UIN Sunan Gunung Djati Bandung telah diberikan?,beasiswa