,pattern
258,UIN Sunan Gunung Djati Bandung ada beasiswa?
257,Beasiswa di UIN Sunan Gunung Djati Bandung ada gak sih?
256,"Minta info dong, di UIN Sunan Gunung Djati Bandung ada beasiswa nggak?"
255,Beasiswa di UIN Sunan Gunung Djati Bandung ada info lengkapnya?
254,Ada info soal beasiswa di UIN Sunan Gunung Djati Bandung?
253,UIN Sunan Gunung Djati Bandung punya beasiswa?
252,Beasiswa di UIN Sunan Gunung Djati Bandung ada nggak ya?
251,Di UIN Sunan Gunung Djati Bandung ada beasiswa nggak?
250,Beasiswa ada di UIN Sunan Gunung Djati Bandung nggak?
249,Ada beasiswa di UIN Sunan Gunung Djati Bandung?
248,Mohon klarifikasi apakah ada beasiswa yang ditawarkan di UIN Sunan Gunung Djati Bandung.
247,Tolong informasikan apakah di UIN Sunan Gunung Djati Bandung tersedia beasiswa.
246,Mohon konfirmasi apakah UIN Sunan Gunung Djati Bandung memiliki informasi terkait beasiswa.
245,Saya ingin menanyakan apakah di UIN Sunan Gunung Djati Bandung ada kesempatan untuk mendapatkan beasiswa.
244,Mohon penjelasan apakah ada program beasiswa di UIN Sunan Gunung Djati Bandung.
243,Dapatkah Anda memberikan informasi tentang adanya beasiswa di UIN Sunan Gunung Djati Bandung?
242,Bisakah Anda memberitahu saya apakah di UIN Sunan Gunung Djati Bandung terdapat beasiswa?
241,Saya ingin mengetahui apakah UIN Sunan Gunung Djati Bandung memiliki beasiswa yang tersedia.
240,Mohon informasi apakah di UIN Sunan Gunung Djati Bandung ada penawaran beasiswa.
239,Apakah terdapat program beasiswa di UIN Sunan Gunung Djati Bandung?
238,Bisa jelasin nggak berapa biaya kuliah di UIN Sunan Gunung Djati Bandung?
237,"Mau tanya, biaya pendidikan di UIN Sunan Gunung Djati Bandung gede nggak?"
236,Berapa biaya yang harus dibayar buat kuliah di UIN Sunan Gunung Djati Bandung?
235,Ada yang bisa kasih info soal biaya pendidikan di UIN Sunan Gunung Djati Bandung?
234,Gimana sih biaya kuliah di UIN Sunan Gunung Djati Bandung?
233,"Bisa kasih tahu nggak, berapa biaya pendidikan di UIN Sunan Gunung Djati Bandung?"
232,Biaya kuliah di UIN Sunan Gunung Djati Bandung berapaan sih?
231,"Mau nanya, biaya kuliah di UIN Sunan Gunung Djati Bandung berapa ya?"
230,Ada yang tahu berapa biaya pendidikan di UIN Sunan Gunung Djati Bandung?
229,Berapa sih biaya kuliah di UIN Sunan Gunung Djati Bandung?
228,Bisa tolong dijelaskan berapa biaya yang dibutuhkan untuk kuliah di UIN Sunan Gunung Djati Bandung?
227,Saya ingin mengetahui berapa biaya pendidikan di UIN Sunan Gunung Djati Bandung untuk semester ini.
226,Mohon informasi terkait biaya pendidikan yang berlaku di UIN Sunan Gunung Djati Bandung.
225,Tolong sampaikan kepada saya besaran biaya yang harus dibayarkan untuk kuliah di UIN Sunan Gunung Djati Bandung.
224,Saya membutuhkan informasi lengkap tentang biaya kuliah di UIN Sunan Gunung Djati Bandung.
223,Bisakah saya memperoleh detail mengenai biaya pendidikan di UIN Sunan Gunung Djati Bandung?
222,Tolong informasikan estimasi biaya pendidikan di UIN Sunan Gunung Djati Bandung.
221,Dapatkah Anda memberikan rincian biaya kuliah di UIN Sunan Gunung Djati Bandung?
220,Saya ingin mengetahui berapa biaya yang diperlukan untuk menempuh pendidikan di UIN Sunan Gunung Djati Bandung.
219,Mohon informasi mengenai biaya pendidikan di Universitas Islam Negeri Sunan Gunung Djati Bandung.
218,Berapa biaya Pendidikan di UIN Sunan Gunung Djati Bandung?
217,Saya memerlukan informasi detail mengenai di mana saya dapat mengetahui tentang Penerimaan Mahasiswa Baru di UIN Sunan Gunung
216,Adakah portal atau tempat khusus untuk memperoleh informasi tentang Penerimaan Mahasiswa Baru di UIN Sunan Gunung Djati Bandung?
215,Tolong sampaikan di mana saya bisa mendapatkan informasi resmi terkait Penerimaan Mahasiswa Baru di UIN Sunan Gunung Djati Bandung.
214,Saya memerlukan informasi mengenai prosedur dan lokasi untuk mendapatkan informasi tentang Penerimaan Mahasiswa Baru di UIN Sunan Gunung Djati Bandung.
213,Apakah ada panduan mengenai lokasi untuk memperoleh informasi tentang Penerimaan Mahasiswa Baru di UIN Sunan Gunung Djati Bandung?
212,Mohon penjelasan mengenai sumber informasi Penerimaan Mahasiswa Baru di UIN Sunan Gunung Djati Bandung.
211,Dimana saya dapat mengakses informasi terkait Penerimaan Mahasiswa Baru di UIN Sunan Gunung Djati Bandung?
210,Bisakah Anda memberikan detail mengenai tempat saya bisa mendapatkan informasi tentang Penerimaan Mahasiswa Baru di UIN Sunan Gunung Djati Bandung?
209,Saya ingin mengetahui lokasi atau sumber informasi terkait Penerimaan Mahasiswa Baru di UIN Sunan Gunung Djati Bandung.
208,Mohon informasi mengenai Penerimaan Mahasiswa Baru di UIN Sunan Gunung Djati Bandung dapat diperoleh di mana?
207,Di mana tempatnya buat dapetin info Penerimaan Mahasiswa Baru di UIN Sunan Gunung Djati Bandung?
206,Cari info Penerimaan Mahasiswa Baru di UIN Sunan Gunung Djati Bandung di mana ya?
205,"Kalau mau cari info Penerimaan Mahasiswa Baru di UIN Sunan Gunung Djati Bandung, harus ke mana?"
204,Ada info nggak soal di mana bisa dapet info Penerimaan Mahasiswa Baru UIN Sunan Gunung Djati Bandung?
203,"Gue butuh info tentang Penerimaan Mahasiswa Baru di UIN Sunan Gunung Djati Bandung, bisa cari di mana?"
202,Di mana sih tempat buat cari info Penerimaan Mahasiswa Baru di UIN Sunan Gunung Djati Bandung?
201,"Info Penerimaan Mahasiswa Baru di UIN Sunan Gunung Djati Bandung bisa didapetin di mana, ya?"
200,Ada yang tahu nggak di mana bisa dapet info Penerimaan Mahasiswa Baru UIN Sunan Gunung Djati Bandung?
199,Gimana caranya dapetin info soal Penerimaan Mahasiswa Baru di UIN Sunan Gunung Djati Bandung?
198,Di mana ya bisa cari info Penerimaan Mahasiswa Baru di UIN Sunan Gunung Djati Bandung?
197,Di mana saya bisa mendapat informasi tentang Penerimaan Mahasiswa Baru di UIN Sunan Gunung Djati Bandung?
196,Di UIN Sunan Gunung Djati Bandung jalur masuk S2-nya ada apa aja?
195,"Pengen tahu nih, ada jalur masuk apa aja buat S2 di UIN Sunan Gunung Djati Bandung?"
194,Bisa kasih tahu gak jalur masuk S2 di UIN Sunan Gunung Djati Bandung?
193,Ada jalur khusus gak buat masuk S2 di UIN Sunan Gunung Djati Bandung?
192,Buat masuk S2 di UIN Sunan Gunung Djati Bandung ada jalur apa aja?
191,"Mau tanya, jalur masuk S2 di UIN Sunan Gunung Djati Bandung gimana aja?"
190,Ada info gak soal jalur masuk S2 di UIN Sunan Gunung Djati Bandung?
189,Jalur masuk S2 di UIN Sunan Gunung Djati Bandung tuh apa aja ya?
188,Gimana sih cara masuk S2 di UIN Sunan Gunung Djati Bandung?
187,Di UIN Sunan Gunung Djati Bandung ada jalur masuk apa aja buat S2?
186,Tolong jelaskan jalur penerimaan mahasiswa baru di UIN Sunan Gunung Djati Bandung untuk Program Pasca Sarjana (S2).
185,Saya ingin mengetahui informasi mengenai jalur penerimaan mahasiswa di UIN Sunan Gunung Djati Bandung untuk Program Pasca Sarjana (S2).
184,Bisakah Anda memberikan rincian jalur masuk ke Program Pasca Sarjana (S2) di UIN Sunan Gunung Djati Bandung?
183,Adakah jalur khusus untuk penerimaan Program Pasca Sarjana (S2) di UIN Sunan Gunung Djati Bandung?
182,Informasi tentang jalur penerimaan mahasiswa baru di UIN Sunan Gunung Djati Bandung untuk Program Pasca Sarjana (S2) sangat diperlukan.
181,Apa saja persyaratan jalur masuk untuk Program Pasca Sarjana (S2) di UIN Sunan Gunung Djati Bandung?
180,Mohon informasi mengenai jalur penerimaan di UIN Sunan Gunung Djati Bandung untuk Program Pasca Sarjana (S2).
179,Dapatkah Anda menjelaskan jalur masuk yang tersedia untuk Program Pasca Sarjana (S2) di UIN Sunan Gunung Djati Bandung?
178,Bagaimana prosedur penerimaan untuk Program Pasca Sarjana (S2) di UIN Sunan Gunung Djati Bandung?
177,Apa saja jalur penerimaan mahasiswa di UIN Sunan Gunung Djati Bandung untuk Program Pasca Sarjana (S2)?
176,"Pengen tahu aja, apakah jalur seleksi Mandiri bisa milih semua jurusan di UIN Sunan Gunung Djati Bandung?"
175,Apakah jalur seleksi Mandiri di UIN Sunan Gunung Djati Bandung bisa pilih semua jurusan?
174,Lewat jalur seleksi Mandiri bisa pilih semua jurusan yang ada di UIN Sunan Gunung Djati Bandung kan?
173,"Gimana sih, jalur seleksi Mandiri bisa milih semua jurusan di UIN Sunan Gunung Djati Bandung nggak?"
172,Jalur seleksi Mandiri UIN Sunan Gunung Djati Bandung bisa pilih semua jurusan ya?
171,Apakah bener jalur seleksi Mandiri bisa buat pilih semua jurusan di UIN Sunan Gunung Djati Bandung?
170,Jalur seleksi Mandiri itu bisa milih semua jurusan di UIN Sunan Gunung Djati Bandung nggak?
169,"Aku pengen tahu, jalur seleksi Mandiri bisa nggak buat pilih semua jurusan di UIN Sunan Gunung Djati Bandung?"
168,Apakah lewat jalur seleksi Mandiri bisa pilih semua jurusan di UIN Sunan Gunung Djati Bandung?
167,Bisa nggak sih jalur seleksi Mandiri milih semua jurusan yang ada di UIN Sunan Gunung Djati Bandung?
166,"Apakah bisa dijelaskan apakah melalui jalur seleksi Mandiri, calon mahasiswa dapat memilih semua jurusan yang ada di UIN Sunan Gunung Djati Bandung?"
165,"Tolong beritahukan, apakah jalur seleksi Mandiri memungkinkan mahasiswa memilih semua jurusan di UIN Sunan Gunung Djati Bandung?"
164,Saya ingin memastikan apakah jalur seleksi Mandiri di UIN Sunan Gunung Djati Bandung mencakup semua program studi yang ditawarkan.
163,Apakah jalur seleksi Mandiri menyediakan opsi untuk memilih semua jurusan di UIN Sunan Gunung Djati Bandung?
162,"Mohon klarifikasi, apakah jalur seleksi Mandiri memungkinkan pemilihan semua jurusan yang ada di UIN Sunan Gunung Djati Bandung?"
161,Dapatkah Anda menjelaskan apakah jalur seleksi Mandiri mencakup semua jurusan yang tersedia di UIN Sunan Gunung Djati Bandung?
160,Apakah jalur seleksi Mandiri mencakup pilihan untuk semua jurusan di UIN Sunan Gunung Djati Bandung?
159,Saya ingin mengetahui apakah jalur seleksi Mandiri memberikan kesempatan untuk memilih semua program studi di UIN Sunan Gunung Djati Bandung.
158,"Apakah benar bahwa melalui jalur seleksi Mandiri, calon mahasiswa dapat memilih seluruh jurusan yang ditawarkan oleh UIN Sunan Gunung Djati Bandung?"
157,"Mohon informasi, apakah jalur seleksi Mandiri memungkinkan untuk memilih semua jurusan yang tersedia di UIN Sunan Gunung Djati Bandung?"
156,Apakah jalur seleksi Mandiri bisa memilih semua jurusan yang ada di UIN Sunan Gunung Djati Bandung?
155,"Kalau daftar UMPTKIN, bebas pilih jurusan apapun di UIN Sunan Gunung Djati Bandung?"
154,Semua program studi di UIN Sunan Gunung Djati Bandung bisa diakses lewat UMPTKIN nggak?
153,Jalur UMPTKIN bisa buat masuk semua jurusan di UIN Sunan Gunung Djati Bandung ya?
152,UMPTKIN memungkinkan buat pilih semua jurusan di UIN Sunan Gunung Djati Bandung nggak sih?
151,Lewat UMPTKIN bisa ambil semua jurusan di UIN Sunan Gunung Djati Bandung nggak?
150,Semua jurusan di UIN Sunan Gunung Djati Bandung bisa dipilih lewat UMPTKIN?
149,UMPTKIN itu bisa pilih jurusan apapun di UIN Sunan Gunung Djati Bandung ya?
148,"Kalau daftar lewat UMPTKIN, bisa ambil semua jurusan di UIN Sunan Gunung Djati Bandung nggak?"
147,Beneran jalur UMPTKIN bisa mencakup semua jurusan di UIN Sunan Gunung Djati Bandung?
146,Jalur UMPTKIN bisa pilih semua jurusan di UIN Sunan Gunung Djati Bandung nggak sih?
145,Apakah seleksi UMPTKIN memungkinkan mahasiswa memilih setiap jurusan di UIN Sunan Gunung Djati Bandung?
144,Apakah jalur seleksi UMPTKIN UIN Sunan Gunung Djati Bandung mencakup semua program studi yang ada?
143,Apakah ada batasan dalam pemilihan jurusan melalui jalur seleksi UMPTKIN di UIN Sunan Gunung Djati Bandung?
142,"Dalam jalur seleksi UMPTKIN, apakah tersedia pilihan untuk semua jurusan di UIN Sunan Gunung Djati Bandung?"
141,Apakah peserta seleksi UMPTKIN memiliki opsi untuk memilih semua jurusan di UIN Sunan Gunung Djati Bandung?
140,Bisakah semua jurusan di UIN Sunan Gunung Djati Bandung dipilih melalui jalur seleksi UMPTKIN?
139,Adakah ketentuan dalam jalur seleksi UMPTKIN yang mengizinkan pemilihan semua jurusan di UIN Sunan Gunung Djati Bandung?
138,Apakah jalur UMPTKIN memberikan kebebasan untuk memilih setiap jurusan di UIN Sunan Gunung Djati Bandung?
137,"Mohon informasi, apakah jalur seleksi UMPTKIN dapat mencakup semua program studi di UIN Sunan Gunung Djati Bandung?"
136,Apakah jalur seleksi UMPTKIN memungkinkan pemilihan semua jurusan yang tersedia di UIN Sunan Gunung Djati Bandung?
135,UMPTKIN Jurusan
134,Apa saja jurusan yang tersedia untuk jalur masuk UMPTKIN di UIN Bandung
133,Apakah jalur seleksi UMPTKIN bisa memilih semua jurusan yang ada di UIN Sunan Gunung Djati Bandung?
132,Ada nggak batasan jurusan yang bisa dipilih di UIN Sunan Gunung Djati Bandung lewat SPAN-PTKIN?
131,"Di SPAN-PTKIN, semua jurusan di UIN Sunan Gunung Djati Bandung bisa dipilih nggak?"
130,"SPAN-PTKIN memungkinkan pilih semua jurusan di UIN Sunan Gunung Djati Bandung, nggak?"
129,Lewat SPAN-PTKIN bisa milih semua jurusan di UIN Sunan Gunung Djati Bandung nggak ya?
128,"Jalur SPAN-PTKIN mencakup semua jurusan di UIN Sunan Gunung Djati Bandung, nggak?"
127,"Kalo lewat SPAN-PTKIN, bisa pilih semua jurusan di UIN Sunan Gunung Djati Bandung nggak?"
126,Semua jurusan di UIN Sunan Gunung Djati Bandung bisa dipilih lewat SPAN-PTKIN nggak sih?
125,SPAN-PTKIN bisa nggak buat milih jurusan apa aja di UIN Sunan Gunung Djati Bandung?
124,"Jalur SPAN-PTKIN bisa pilih semua jurusan di UIN Sunan Gunung Djati Bandung, nggak?"
123,Bisa nggak jalur SPAN-PTKIN milih semua jurusan di UIN Sunan Gunung Djati Bandung?
122,Apakah ada pengecualian jurusan dalam jalur seleksi SPAN-PTKIN di UIN Sunan Gunung Djati Bandung?
121,Bisakah calon mahasiswa memilih seluruh jurusan di UIN Sunan Gunung Djati Bandung melalui SPAN-PTKIN?
120,Apakah jalur SPAN-PTKIN mengizinkan pemilihan semua jurusan di UIN Sunan Gunung Djati Bandung?
119,Apakah semua program studi di UIN Sunan Gunung Djati Bandung terbuka untuk dipilih melalui SPAN-PTKIN?
118,Apakah ada pembatasan dalam memilih jurusan melalui jalur SPAN-PTKIN di UIN Sunan Gunung Djati Bandung?
117,Apakah setiap jurusan di UIN Sunan Gunung Djati Bandung dapat dipilih melalui jalur SPAN-PTKIN?
116,Apakah jalur SPAN-PTKIN mencakup seluruh jurusan di UIN Sunan Gunung Djati Bandung?
115,Apakah program seleksi SPAN-PTKIN memungkinkan untuk memilih semua jurusan di UIN Sunan Gunung Djati Bandung?
114,Bisakah jalur SPAN-PTKIN memberikan pilihan untuk semua program studi di UIN Sunan Gunung Djati Bandung?
113,Apakah jalur seleksi SPAN-PTKIN dapat memilih seluruh jurusan yang tersedia di UIN Sunan Gunung Djati Bandung?
112,Apa saja jurusan yang tersedia untuk jalur masuk SPAN-PTKIN di UIN Bandung
111,Apakah jalur seleksi SPAN-PTKIN bisa memilih semua jurusan yang ada di UIN Sunan Gunung Djati Bandung?
110,Sebenernya jalur SNBT bisa buat milih semua jurusan di UIN Sunan Gunung Djati Bandung atau gimana sih?
109,"Nanya dong, jalur SNBT itu bisa pilih semua jurusan di UIN Sunan Gunung Djati Bandung, nggak?"
108,"Jadi, jalur SNBT itu bisa milih semua jurusan di UIN Sunan Gunung Djati Bandung nggak?"
107,"Gimana sih, jalur SNBT itu bisa buat pilih semua jurusan di UIN Sunan Gunung Djati Bandung?"
106,"Menurut lo, jalur SNBT bisa nggak sih buat pilih semua jurusan di UIN Sunan Gunung Djati Bandung?"
105,"Pengen tau aja, jalur SNBT itu bisa milih semua jurusan di UIN Sunan Gunung Djati Bandung atau nggak?"
104,"Bro, jalur SNBT bisa buat ambil semua jurusan di UIN Sunan Gunung Djati Bandung, nggak ya?"
103,Jalur SNBT bisa pilih semua jurusan di UIN Sunan Gunung Djati Bandung nggak sih?
102,"Tau nggak, jalur seleksi SNBT bisa buat pilih semua jurusan di UIN Sunan Gunung Djati Bandung?"
101,"Eh, jalur SNBT itu bisa buat milih semua jurusan di UIN Sunan Gunung Djati Bandung, nggak?"
100,"Saya ingin mengetahui, apakah jalur seleksi SNBT bisa digunakan untuk memilih semua jurusan yang ada di UIN Sunan Gunung Djati Bandung?"
99,Apakah jalur seleksi SNBT menawarkan pilihan semua jurusan di UIN Sunan Gunung Djati Bandung?
98,"Mohon penjelasan, apakah jalur seleksi SNBT memungkinkan untuk memilih semua jurusan di UIN Sunan Gunung Djati Bandung?"
97,Apakah jalur seleksi SNBT mencakup semua jurusan yang tersedia di UIN Sunan Gunung Djati Bandung?
96,"Saya ingin memastikan, apakah jalur seleksi SNBT membuka kesempatan untuk memilih semua jurusan di UIN Sunan Gunung Djati Bandung?"
95,Apakah jalur seleksi SNBT memberikan opsi untuk memilih semua jurusan yang ada di UIN Sunan Gunung Djati Bandung?
94,"Dapatkah Anda konfirmasi, apakah jalur seleksi SNBT memungkinkan calon mahasiswa untuk memilih semua jurusan di UIN Sunan Gunung Djati Bandung?"
93,Apakah benar bahwa jalur seleksi SNBT mencakup pilihan untuk semua jurusan di UIN Sunan Gunung Djati Bandung?
92,"Saya ingin bertanya, apakah melalui jalur seleksi SNBT kita dapat memilih semua jurusan di UIN Sunan Gunung Djati Bandung?"
91,"Mohon informasi, apakah jalur seleksi SNBT memungkinkan pemilihan semua jurusan yang tersedia di UIN Sunan Gunung Djati Bandung?"
90,Ada jurusan apa saja lewat SNBT?
89,SNBT Jurusan
88,Apa saja jurusan yang tersedia untuk jalur masuk SNBT di UIN Bandung
87,Apakah jalur seleksi SNBT bisa memilih semua jurusan yang ada di UIN Sunan Gunung Djati Bandung?
86,"Lewat jalur SNBP, semua jurusan di UIN Sunan Gunung Djati Bandung bisa dipilih nggak sih?"
85,"SNBP bisa buat pilih semua jurusan di UIN Sunan Gunung Djati Bandung, nggak?"
84,"Kalau daftar SNBP, bisa pilih jurusan apa aja di UIN Sunan Gunung Djati Bandung?"
83,Bisa nggak sih pilih semua jurusan di UIN Sunan Gunung Djati Bandung lewat jalur SNBP?
82,"Lewat SNBP, semua jurusan di UIN Sunan Gunung Djati Bandung bisa diambil, nggak?"
81,Emang SNBP bisa buat masuk ke semua jurusan di UIN Sunan Gunung Djati Bandung?
80,Jalur SNBP itu bisa buat pilih semua jurusan di UIN Sunan Gunung Djati Bandung nggak?
79,"Kalau daftar lewat SNBP, bisa pilih semua jurusan di UIN Sunan Gunung Djati Bandung?"
78,Semua jurusan di UIN Sunan Gunung Djati Bandung bisa dipilih lewat SNBP nggak sih?
77,"Lewat jalur SNBP bisa pilih semua jurusan di UIN Sunan Gunung Djati Bandung, nggak?"
76,Ada jurusan apa saja lewat SNBP?
75,SNBP Jurusan
74,Apa saja jurusan yang tersedia untuk jalur masuk SNBP di UIN Bandung
73,Apakah jalur seleksi SNBP bisa memilih semua jurusan yang ada di UIN Sunan Gunung Djati Bandung?
72,Apakah pemilihan semua jurusan di UIN Sunan Gunung Djati Bandung bisa dilakukan melalui jalur seleksi SNBP?
71,Bisakah calon mahasiswa memilih seluruh jurusan yang ada di UIN Sunan Gunung Djati Bandung melalui jalur seleksi SNBP?
70,Apakah proses seleksi SNBP memungkinkan pemilihan semua jurusan di UIN Sunan Gunung Djati Bandung?
69,Apakah seluruh jurusan di UIN Sunan Gunung Djati Bandung tersedia untuk dipilih melalui jalur SNBP?
68,Dapatkah semua jurusan di UIN Sunan Gunung Djati Bandung dipilih melalui proses seleksi SNBP?
67,Apakah jalur SNBP mengizinkan calon mahasiswa memilih semua program studi di UIN Sunan Gunung Djati Bandung?
66,Apakah jalur seleksi SNBP mencakup pemilihan semua jurusan yang ada di UIN Sunan Gunung Djati Bandung?
65,Bisakah semua jurusan yang ditawarkan oleh UIN Sunan Gunung Djati Bandung dipilih melalui jalur seleksi SNBP?
64,Apakah seluruh program studi di UIN Sunan Gunung Djati Bandung dapat dipilih melalui jalur seleksi SNBP?
63,Apakah jalur seleksi SNBP memungkinkan pemilihan semua jurusan yang tersedia di UIN Sunan Gunung Djati Bandung?
62,"Bisa kasih tau gak, jalur masuk apa aja yang ada di UIN Sunan Gunung Djati Bandung buat Program Sarjana (S1)?"
61,Ada yang tau jalur masuk di UIN Sunan Gunung Djati Bandung buat Program Sarjana (S1)?
60,Apa aja sih jalur masuk di UIN Sunan Gunung Djati Bandung buat Program Sarjana (S1)?
59,"UIN Sunan Gunung Djati Bandung, jalur masuk S1-nya apa aja?"
58,"Pengen tahu, ada jalur masuk apa aja di UIN Sunan Gunung Djati Bandung buat S1?"
57,Bisa kasih tahu jalur masuk UIN Sunan Gunung Djati Bandung buat S1 apa aja?
56,Jalur masuk ke UIN Sunan Gunung Djati Bandung buat S1 gimana aja ya?
55,"Gue mau tahu, jalur masuk di UIN Sunan Gunung Djati Bandung buat Program Sarjana (S1) ada apa aja?"
54,"Info dong, jalur masuk di UIN Sunan Gunung Djati Bandung buat Program Sarjana (S1) apa aja?"
53,UIN Sunan Gunung Djati Bandung ada jalur masuk apa aja buat Program Sarjana (S1)?
52,"Bisa kasih tau gak, jalur masuk apa aja yang ada di UIN Sunan Gunung Djati Bandung buat Program Sarjana (S1)?"
51,Ada yang tau jalur masuk di UIN Sunan Gunung Djati Bandung buat Program Sarjana (S1)?
50,Apa aja sih jalur masuk di UIN Sunan Gunung Djati Bandung buat Program Sarjana (S1)?
49,"UIN Sunan Gunung Djati Bandung, jalur masuk S1-nya apa aja?"
48,"Pengen tahu, ada jalur masuk apa aja di UIN Sunan Gunung Djati Bandung buat S1?"
47,Bisa kasih tahu jalur masuk UIN Sunan Gunung Djati Bandung buat S1 apa aja?
46,Jalur masuk ke UIN Sunan Gunung Djati Bandung buat S1 gimana aja ya?
45,"Gue mau tahu, jalur masuk di UIN Sunan Gunung Djati Bandung buat Program Sarjana (S1) ada apa aja?"
44,"Info dong, jalur masuk di UIN Sunan Gunung Djati Bandung buat Program Sarjana (S1) apa aja?"
43,UIN Sunan Gunung Djati Bandung ada jalur masuk apa aja buat Program Sarjana (S1)?
42,Saya memerlukan informasi tentang jalur masuk yang tersedia di UIN Sunan Gunung Djati Bandung untuk Program Sarjana (S1).
41,Tolong sampaikan informasi mengenai jalur masuk yang ada di UIN Sunan Gunung Djati Bandung untuk Program Sarjana (S1).
40,Mohon penjelasan tentang jalur masuk di UIN Sunan Gunung Djati Bandung untuk Program Sarjana (S1).
39,Saya tertarik untuk mengetahui jalur masuk yang tersedia di UIN Sunan Gunung Djati Bandung untuk Program Sarjana (S1).
38,Bisakah Anda memberikan rincian mengenai jalur masuk di UIN Sunan Gunung Djati Bandung untuk Program Sarjana (S1)?
37,Tolong informasikan jalur masuk apa saja yang ada di UIN Sunan Gunung Djati Bandung untuk Program Sarjana (S1).
36,Saya ingin mengetahui jalur masuk yang ditawarkan oleh UIN Sunan Gunung Djati Bandung untuk Program Sarjana (S1).
35,Dapatkah Anda menjelaskan jalur masuk yang disediakan oleh UIN Sunan Gunung Djati Bandung untuk Program Sarjana (S1)?
34,Mohon informasi mengenai jalur masuk yang ada di UIN Sunan Gunung Djati Bandung untuk Program Sarjana (S1).
33,Apa saja jalur masuk yang tersedia di UIN Sunan Gunung Djati Bandung untuk Program Sarjana (S1)?
32,Ada jalur masuk apa saja untuk S1?
31,Jalur Masuk S1/Sarjana
30,Apa saja jalur masuk S1/Sarjana UIN Bandung
29,Ada jalur masuk apa saja di UIN Sunan Gunung Djati Bandung untuk Program Sarjana (S1)?
28,"Kasih tahu dong, program studi yang ada di UIN Sunan Gunung Djati Bandung apa aja?"
27,"Di UIN Sunan Gunung Djati Bandung itu program studinya apa aja, sih?"
26,Ada yang tahu program studi di UIN Sunan Gunung Djati Bandung?
25,UIN Sunan Gunung Djati Bandung menawarkan jurusan apa aja sih?
24,"Mau tanya, di UIN Sunan Gunung Djati Bandung ada program studi apa aja?"
23,"Di UIN Sunan Gunung Djati Bandung ada jurusan apa saja, ya?"
22,Bisa kasih tahu nggak program studi di UIN Sunan Gunung Djati Bandung?
21,UIN Sunan Gunung Djati Bandung punya program studi apa saja?
20,Ada jurusan apa saja di UIN Sunan Gunung Djati Bandung?
19,Program studi apa saja yang ada di UIN Sunan Gunung Djati Bandung?
18,Tolong jelaskan program studi yang tersedia di UIN Sunan Gunung Djati Bandung.
17,Saya tertarik untuk mengetahui program studi apa saja yang ditawarkan di UIN Sunan Gunung Djati Bandung.
16,Mohon bantuannya untuk memberikan informasi mengenai program studi di UIN Sunan Gunung Djati Bandung.
15,Dapatkah saya mengetahui program studi yang tersedia di UIN Sunan Gunung Djati Bandung?
14,Apakah Anda memiliki informasi tentang program studi di UIN Sunan Gunung Djati Bandung?
13,Bisakah Anda menyebutkan program studi yang ada di UIN Sunan Gunung Djati Bandung?
12,Saya ingin mengetahui program studi apa saja yang ada di UIN Sunan Gunung Djati Bandung.
11,Tolong berikan rincian program studi yang ditawarkan di UIN Sunan Gunung Djati Bandung.
10,Dapatkah saya memperoleh daftar program studi di UIN Sunan Gunung Djati Bandung?
9,Mohon informasi mengenai program studi yang tersedia di UIN Sunan Gunung Djati Bandung.
8,Ada jurusan apa saja?
7,Apa saja jurusan di UIN Bandung
6,Ada program studi apa saja di UIN Sunan Gunung Djati Bandung?
5,Selamat Malam
4,Selamat Sore
3,Selamat Siang
2,Selamat Pagi
1,Halo
0,Hi
