Hi,greetings,Halo gan
Halo,greetings,Hi Lur
Selamat Pagi,greetings,pagi ang
Selamat Siang,greetings,Siang bray
Selamat Sore,greetings,Sore Es
Selamat Malam,greetings,Malem juga ang
Ada program studi apa saja di UIN Sunan Gunung Djati Bandung?,prodi,Jurusan banyak euy
Apa saja jurusan di UIN Bandung,prodi,Jurusan banyak euy
Jurusan,prodi,Jurusan banyak euy
Ada jurusan apa saja?,prodi,Jurusan banyak euy
Ada jalur masuk apa saja di UIN Sunan Gunung Djati Bandung untuk Program Sarjana (S1)?,jalur_masuk_s1,Banyak es
Apa saja jalur masuk S1/Sarjana UIN Bandung,jalur_masuk_s1,Banyak es
Jalur Masuk S1/Sarjana,jalur_masuk_s1,Banyak es
Ada jalur masuk apa saja untuk S1?,jalur_masuk_s1,Banyak es